color,size,region,x4,treatment,weight,label
blue,small,east,0.2669736057242196,0,1.0,-1.1825462909948186
red,small,south,0.774442490704564,1,1.0,-0.48472001414791244
blue,medium,south,-0.10348683940793153,1,1.0,-1.4109087466486785
green,small,east,-0.7849147514147984,0,1.0,-1.840666781711782
red,medium,east,-1.3341828825971889,0,1.0,0.024003305511075435
blue,small,west,1.0157756767477628,0,1.0,-0.7573088107405588
blue,medium,south,0.05931978782536116,1,1.0,-1.77834921262459
green,large,south,-1.3684248195657707,0,1.0,0.07337912548475622
red,small,south,-1.085264872809539,1,1.0,-1.6706762895779714
blue,medium,south,0.620659442532856,0,1.0,-0.5301305574106074
green,small,west,0.7417792374471218,1,1.0,-0.6917403680058831
red,small,north,0.5551576319944984,1,1.0,3.4053405824468284
red,medium,east,1.3196895972329594,0,1.0,0.7315133181224625
green,large,south,-0.4762980866619366,0,1.0,-0.28681656299248004
green,medium,south,-0.534700184486079,0,1.0,-1.3325133218721399
green,medium,south,0.9830445043124022,0,1.0,-0.13287920885627202
blue,large,north,2.0242321589915977,0,1.0,2.1713632327803287
green,large,south,-0.08677340222391847,1,1.0,-2.835669129621461
blue,large,west,1.572671055790585,0,1.0,1.3122086462160965
green,small,north,-1.410138655863908,1,1.0,-0.8469709528266901
red,small,south,0.39409318643013974,1,1.0,-1.2360383501356316
blue,medium,south,-0.9676026354248798,1,1.0,-2.1739160016478594
red,small,west,-0.14355984730136953,0,1.0,-0.6430618570552418
blue,large,east,-1.491905396104016,1,1.0,0.7643883483969077
blue,medium,south,1.5946789179246954,1,1.0,-2.277094239263731
blue,large,north,-0.22234062140991817,1,1.0,3.434413210549425
green,medium,south,1.6352805780806323,0,1.0,0.09976887657020067
green,small,west,0.45431791627150525,0,1.0,-0.0819908239276732
red,small,west,0.6529503930025998,0,1.0,-1.0596425380084882
blue,small,west,0.5046843961276934,0,1.0,-0.5958808125760768
green,medium,east,0.5315796369240258,1,1.0,-0.6379326259165213
red,medium,east,-0.024972358946120644,1,1.0,1.930284177713275
green,large,west,1.2555199245109823,0,1.0,1.964610720452289
red,large,north,-1.081708340566115,1,1.0,5.075694376034619
blue,medium,south,2.078588506085257,1,1.0,-1.5620765630749422
green,large,north,-0.17860040552783377,1,1.0,1.5288631648223148
red,medium,south,-0.1185100933910098,0,1.0,-1.3204564268849173
red,small,north,-1.7791392379701263,1,1.0,2.863993579671253
red,small,west,-1.2443605733315852,1,1.0,0.9504575128410926
red,large,east,-1.307050902855865,1,1.0,3.201068012142879
blue,large,east,-0.5145210395277022,0,1.0,1.1400280181054554
blue,large,west,1.3652934739634155,1,1.0,2.753926793907647
red,large,west,-1.4098475000038422,1,1.0,3.4304685643946256
blue,small,west,-0.1425370123496885,0,1.0,-0.7729906660807062
red,large,north,0.5329882583476021,1,1.0,4.757478079825885
green,large,east,-0.09380662329494269,0,1.0,1.4847543115677588
green,small,west,-0.3613199513606612,0,1.0,-0.9824202999145766
green,small,east,1.0915413474655762,1,1.0,-1.4297921222994943
red,small,west,-1.5449384544518732,0,1.0,-1.3573717649155366
blue,large,east,1.3749407253708883,0,1.0,2.12830739825354
red,small,south,1.3485631006782448,0,1.0,-1.6609783692192328
red,small,north,-2.901765661720703,0,1.0,-0.5249282995208142
green,small,east,3.0543706485090443,1,1.0,-1.3944789917923837
blue,large,west,-0.44301705833307287,0,1.0,1.249800194368036
red,medium,east,-1.5337346079413492,1,1.0,1.0693182554412373
green,small,north,1.1692821215677183,0,1.0,0.23302529766405128
blue,medium,south,-0.8914901424188013,1,1.0,-1.392047423626729
green,medium,south,0.8536086846018769,1,1.0,-3.034779113263692
red,large,west,0.6745087814548761,0,1.0,2.435985643220587
green,medium,south,-1.3452555204028427,1,1.0,-3.751502859277276
green,medium,west,-0.5783493517684112,1,1.0,-0.25199172800711633
blue,small,south,0.9539744195020802,1,1.0,-2.3670141181368054
blue,medium,north,1.2710196326099952,0,1.0,0.6736912202695756
green,large,east,-0.8262800444926051,0,1.0,0.3611019718505053
blue,large,north,-0.3906295501209633,1,1.0,3.7105948800247663
red,large,north,0.44852981921408774,0,1.0,1.5499509571776504
green,medium,south,1.1184704145269655,0,1.0,-0.6552166280475862
green,medium,west,-1.3316816642595788,0,1.0,-0.44186781740667835
blue,small,east,-0.5187038024373264,0,1.0,-1.416571231816423
red,medium,east,0.14341280315139054,1,1.0,2.0104748982749787
green,large,west,-1.6495808537304828,1,1.0,0.6794523439041978
red,medium,north,-1.4663972594946648,1,1.0,3.0800901734243764
blue,large,west,0.7960491574339662,1,1.0,2.2850116727301417
red,medium,south,-0.835563322829561,1,1.0,-0.18021707477148097
green,medium,east,-0.02111171559058922,0,1.0,0.2272277048676712
blue,large,north,-0.5470181864568057,1,1.0,3.9095983054689265
green,medium,west,-0.7867806516853881,1,1.0,0.2753166617810108
green,medium,south,-1.9025192174053056,0,1.0,-0.4079495813667716
red,large,north,-1.8499139539147436,0,1.0,1.054053568622285
red,medium,east,-0.03314732195946631,0,1.0,-0.5040261954406222
blue,medium,north,-0.44698151971239086,1,1.0,2.275035241425492
blue,small,north,-0.4709708971267993,1,1.0,1.9019189933768699
red,medium,west,0.16515771985494318,1,1.0,2.097800168745352
green,large,west,-1.7845468088514118,0,1.0,1.1287361189993759
green,medium,west,-1.4790103889261867,1,1.0,-1.1419911633908926
green,large,north,0.5161086780020495,0,1.0,1.3425744441854457
blue,large,north,-1.2242657797524745,0,1.0,2.131109432377791
red,small,north,0.6731362657652948,1,1.0,2.864160090311908
red,large,east,-0.45609813830289697,0,1.0,0.7334181702095091
red,medium,north,0.5662258887419439,0,1.0,0.9750288377025803
red,medium,east,1.3918094278335582,1,1.0,2.438620903869977
red,large,north,-0.029404000111077952,1,1.0,4.448676970900825
green,small,west,1.5794086362273054,0,1.0,0.4191637914961388
green,medium,west,1.3408975584882967,1,1.0,-0.34837957983609996
green,large,east,-1.0860197781819307,1,1.0,-0.37619205399925
red,medium,west,-0.6594582124407035,0,1.0,0.2135323654946943
red,small,north,-0.1485224492438609,1,1.0,3.341919132294751
red,medium,west,-0.7301033872931404,0,1.0,-0.17997946913842758
red,medium,south,-0.1387158164053983,0,1.0,-1.2105051909602942
red,small,south,-0.6879215178470559,0,1.0,-2.908251676824527
blue,medium,west,-0.0980713232721415,0,1.0,0.8840242284808304
red,large,north,-1.1430407469411528,1,1.0,5.821239064914964
blue,medium,south,-0.7766678241292189,1,1.0,-2.936029191619963
blue,medium,south,1.313547358542137,1,1.0,-1.2468111222021516
red,medium,south,1.4660030637866073,0,1.0,-0.3502506239501056
red,large,west,-0.3764242344163734,0,1.0,1.3353644631726511
green,large,east,0.6014366456850461,1,1.0,0.3487330290244628
green,small,north,-1.1741029198238193,1,1.0,-0.5530936400554076
blue,medium,east,-0.17168776288651072,1,1.0,0.33073776576546277
red,small,east,0.4818020642160855,1,1.0,1.2767771054766
blue,medium,north,1.2636118538198537,0,1.0,1.8142551142664631
blue,medium,north,0.37500302323463847,0,1.0,-0.7006665043028932
red,large,west,-3.1343486292256997,0,1.0,0.635365693847762
red,large,north,0.22159327274901414,0,1.0,2.6287439285997354
green,large,north,-0.3439522714027771,0,1.0,1.211120811423581
blue,small,west,1.2621818847974793,0,1.0,-0.09602482671616752
green,large,east,0.6646908151062153,0,1.0,1.6352070447076357
red,large,east,-0.42683536901633595,0,1.0,0.5598160293879699
red,small,south,-1.818078671292563,1,1.0,-2.282948539367981
blue,medium,west,-0.03892889267178836,1,1.0,1.7070130992877512
blue,small,south,0.3628151722185869,1,1.0,-2.9796486998411833
red,large,west,-0.0829367362613826,1,1.0,2.761960756870507
red,medium,south,0.8285324237987064,1,1.0,0.5543241869736264
green,large,north,-0.4727314772468051,1,1.0,2.071581037312373
blue,large,west,-0.6211695264657574,1,1.0,1.5884680309566632
blue,large,east,-0.5413415621329182,1,1.0,0.6610090751338461
blue,large,north,-1.220993575175024,0,1.0,1.3084032545414446
blue,small,east,0.02160845224971991,0,1.0,-0.56400684513137
blue,small,south,0.8321716218466443,0,1.0,-1.196448394748252
green,large,north,0.7541110089608417,0,1.0,2.0071697782920714
blue,medium,east,0.7602579423630541,1,1.0,-0.10595666987423069
red,large,south,0.5872934105820455,1,1.0,0.4654737686949167
red,medium,west,1.1849725378782232,1,1.0,3.304733356412594
red,large,west,-0.24298281647607267,1,1.0,4.077674822202985
red,small,south,-0.6175392205780474,1,1.0,-1.1954577161501088
red,small,south,2.5949328386775794,0,1.0,0.0611171272147899
red,small,north,0.2649662742023217,0,1.0,0.029203777046117457
red,medium,west,-0.6754010154074155,1,1.0,2.678495617187411
blue,large,north,0.14928135222202404,0,1.0,3.3159879667198218
red,large,north,-0.3527267026613693,0,1.0,1.683786601521895
blue,small,south,1.6810192837332696,0,1.0,-1.510995341174127
blue,large,west,-0.2678512519469858,0,1.0,1.2791272716787352
green,medium,east,0.5087882127404305,1,1.0,-1.8436516414269684
green,large,south,1.7775205287396798,0,1.0,1.0279548448409694
red,small,north,0.42952150047771137,0,1.0,0.12710879796531022
red,large,north,-0.8431019422950091,0,1.0,1.8311308942875026
green,small,north,0.01600965258771684,0,1.0,0.3086868964035311
blue,small,south,-0.3840027876090539,0,1.0,-2.7605185874803086
green,small,west,-1.125995234631676,0,1.0,-1.4518244289469855
blue,large,south,-0.2914137635362496,0,1.0,1.0480925415248663
red,medium,north,0.13329518746400307,0,1.0,0.7654250477283612
blue,medium,south,-1.108843839607282,0,1.0,-0.3661498629217078
green,large,south,0.6674742670413522,0,1.0,0.38798377765741987
red,large,south,-0.46138602747877017,0,1.0,0.563660327889315
red,small,west,0.019246735954554724,0,1.0,0.41625001201901524
red,medium,south,-1.6829252421633587,1,1.0,-0.6033352073923375
green,small,south,1.0480901622943286,0,1.0,-1.494196728771349
red,small,south,-0.5385534194651526,1,1.0,-0.8710356793958929
blue,small,east,-0.75608188824953,0,1.0,-0.8531261432453608
blue,large,west,-1.7781280029557247,0,1.0,0.5512480779997415
red,small,south,1.1882680995405521,1,1.0,-0.6821165392782447
green,small,west,-0.6844731176917762,0,1.0,-0.5195965610865019
green,medium,west,-0.9555390731361617,1,1.0,-0.3641217891109775
red,medium,south,0.6567763033085431,1,1.0,-0.1244409667760934
red,large,south,-1.0799676498825768,1,1.0,1.1169912425058097
blue,small,north,0.1586720809793054,0,1.0,-0.7312937377055962
green,small,west,-0.0981365499674801,1,1.0,-1.8402180225954952
blue,large,west,0.0035943087761975802,0,1.0,0.6481370476485696
red,small,west,1.8044956813442299,1,1.0,2.3679366975361265
green,small,east,0.6324110498588473,0,1.0,-1.7644764449473704
blue,medium,south,0.8276791859904495,1,1.0,-1.3293854830632958
green,large,south,-0.43847956934816795,1,1.0,-2.324514158065297
green,medium,west,-0.6266133053104217,1,1.0,-0.7002174968836333
green,medium,north,0.1910014530676786,1,1.0,0.7482081685616894
blue,small,west,0.5964874083099205,0,1.0,-0.36458741982864473
green,medium,east,-0.2678851200145062,1,1.0,-1.798419422525293
red,small,east,0.9209271551462931,0,1.0,-1.0917971476681845
blue,medium,west,0.20494450259915814,1,1.0,1.524486721478405
blue,medium,south,-0.930746003146789,1,1.0,-2.368180071155215
green,small,north,-0.6585722197880273,0,1.0,-0.1037786843908779
red,small,west,-0.05028774345147777,0,1.0,-0.5567261301909515
blue,medium,north,-1.5625735656717612,0,1.0,0.6251481969549794
red,medium,east,-0.6816949549097904,1,1.0,1.5827138503656535
red,medium,west,1.8809992860305083,1,1.0,3.1940054012367267
green,small,east,-0.3406476236382784,1,1.0,-2.0737973886009016
red,large,south,-0.37989483008921576,1,1.0,0.6988870809187788
green,medium,south,0.9000074189559074,1,1.0,-3.221866966896954
blue,large,south,0.24652902600649956,1,1.0,-0.41198466740418016
green,medium,north,-2.6866372685228876,0,1.0,-0.3225687543706563
green,large,west,0.3906223712104466,1,1.0,0.2934439424775579
green,large,north,-0.2411559709248351,1,1.0,2.7948975709081463
green,large,west,-0.17176707933252033,1,1.0,0.8082804240455032
blue,medium,east,-0.20323379963804628,0,1.0,-0.8771402039571514
red,small,south,-0.3864337313721345,0,1.0,-1.5010278233214516
red,large,south,0.7005787853857334,0,1.0,0.4160795903790071
red,large,west,0.326735140141347,1,1.0,1.887507486448245
red,small,east,-0.019116689801832207,0,1.0,-1.4480804758501902
green,medium,west,-0.9540953182562306,0,1.0,0.7551399043543241
blue,large,east,-0.31270622018423805,0,1.0,0.6517530821051796
red,large,east,-1.7611816324422176,0,1.0,0.3092404206695613
green,large,south,-0.16631365261756678,0,1.0,-0.09676886497115189
blue,small,east,0.2458322319831019,0,1.0,-1.6740539228342362
red,large,west,0.9680237436603082,0,1.0,1.729153965457362
red,large,east,2.7787582848537955,1,1.0,4.813482501342685
blue,large,north,0.616353301919619,1,1.0,3.100402071655181
green,small,north,0.5117260380324289,0,1.0,-0.19673353354953876
blue,medium,east,0.38652146719246216,0,1.0,0.019773853035222527
red,medium,east,-0.9241601281987943,0,1.0,-0.19611278735299345
blue,small,south,-1.6453304686641799,0,1.0,-2.740268621498144
green,small,west,-0.23902077892962229,0,1.0,-0.6008528350279754
red,medium,west,-0.24587181298629743,1,1.0,1.5611139610368368
green,large,south,-0.7969269559692046,1,1.0,-2.3142101172219713
green,small,south,0.004550367456060502,1,1.0,-4.239294927745881
red,large,south,-0.6604260994802662,1,1.0,0.4121374691399535
blue,small,east,0.4173477604210643,0,1.0,-0.6732614114644805
green,large,east,0.6944022290004318,0,1.0,1.3334767555820082
blue,large,north,-0.8380738783543049,1,1.0,3.985653064301502
red,large,east,0.1633132662794095,0,1.0,0.5140228415575525
red,large,north,0.8952365455133852,1,1.0,4.702259238062788
green,large,south,1.2964670474686546,0,1.0,0.630287632504856
blue,medium,east,1.024605052254471,1,1.0,-0.0801515634123211
green,small,north,-0.13352747174146662,1,1.0,-0.20050476170095316
red,medium,north,-1.4762969499771494,1,1.0,3.6303281403390217
blue,medium,west,0.39722261127280034,0,1.0,0.1818415044761624
green,large,north,1.2484347190793414,1,1.0,2.9853263633079092
red,medium,north,-0.4567015108009689,0,1.0,0.2446442711142175
blue,large,south,-1.3121232116258545,1,1.0,-0.8310542996741767
blue,large,east,-0.34073933846637483,0,1.0,0.6844412884936781
green,small,west,-0.026942587649107647,1,1.0,-0.8468482783851857
green,large,north,-1.9481470196175976,1,1.0,2.1610154858005863
green,large,east,2.714211306767974,0,1.0,2.830704985003919
green,small,east,0.6412706827703705,1,1.0,-2.8124721478134216
red,large,east,0.8994254885081849,0,1.0,0.18991305306297424
green,medium,south,-2.09073063510415,1,1.0,-4.130842212906086
green,small,west,0.7304708416565054,1,1.0,-1.138970613658651
red,large,north,0.08306439780078356,1,1.0,5.354573155545008
green,small,west,-0.14753195409238393,0,1.0,-0.8759061864027398
blue,small,west,-0.03903151524967257,1,1.0,0.7137335369286104
blue,large,south,1.4014671507536018,1,1.0,0.7991067363071078
green,large,west,-0.36870585843218917,0,1.0,1.6071850462281443
green,small,north,-1.7547269671535408,1,1.0,-0.36838436059299534
red,large,north,0.09739943547327039,0,1.0,1.7542386277004387
red,large,south,-0.620961071968416,0,1.0,0.6479363099496518
blue,small,west,2.034942975531681,0,1.0,0.6630864927479078
green,medium,east,1.8352791800275836,0,1.0,0.8375107083327895
green,small,north,0.9357886639230788,1,1.0,0.09171770517390748
blue,small,west,0.748943505020204,0,1.0,-0.15529072885148854
green,small,west,0.23543402995295065,0,1.0,-0.8068132232650564
blue,large,south,-0.9956465173604916,1,1.0,-1.310632551648835
green,large,south,0.33975556101913523,1,1.0,-2.4581392135005737
green,large,east,0.18880544199226879,1,1.0,-0.6248343195779973
green,large,east,0.20734565234272337,1,1.0,0.12528125255258224
green,large,north,-0.5626882751884423,1,1.0,1.8250641010590583
green,large,south,-1.4888933688272796,1,1.0,-2.53913102055309
red,small,south,-0.7219150045175002,0,1.0,-1.8096477119372358
blue,large,south,-0.2886491844976138,1,1.0,-0.5759367272276233
red,small,east,-0.5284658087724964,0,1.0,-2.0079695125505728
green,small,south,1.5604544450343354,0,1.0,-1.1936190854405988
blue,medium,north,0.057925581159205916,1,1.0,3.6125608246258993
green,medium,east,-0.5448511124582168,1,1.0,-1.2069432701555285
blue,medium,south,-0.7293875279065216,0,1.0,-0.671323746246808
red,large,south,1.0789575300771748,1,1.0,0.9637386052524389
red,small,south,-0.23943310206080126,1,1.0,-1.517986911293829
green,large,south,1.6443950002893386,1,1.0,-1.4217600807162478
blue,large,north,0.7716708774049621,0,1.0,2.3774552577262416
green,small,north,0.5654590902910938,1,1.0,0.16922867461676383
red,medium,north,0.4233149089140441,1,1.0,3.90175330695149
red,medium,north,-0.8795800525587691,0,1.0,-0.08582992567393405
red,medium,east,-1.8159116708493184,0,1.0,-0.983220261553375
green,large,north,-0.34155146664110825,1,1.0,2.533645439989551
blue,medium,west,0.4893064303938596,1,1.0,1.3947474535005107
blue,medium,north,0.5041714717056079,1,1.0,3.4259845010379903
red,medium,west,-0.6226351507300104,0,1.0,0.2501717716702334
red,small,east,-0.42954825493362647,1,1.0,1.4939802100492938
blue,medium,south,1.3925743108187896,1,1.0,-1.5529603722825418
blue,large,south,-0.3049394883401265,0,1.0,-0.27406246070476464
green,medium,west,0.6984167596395329,1,1.0,-0.7638530162737531
blue,small,east,1.5733278821967394,0,1.0,0.6651851317555197
green,small,east,-0.24222676527111572,0,1.0,-1.437178079430429
green,medium,north,-0.2439656267855041,1,1.0,1.504719397022033
red,small,south,-0.4772830571026298,0,1.0,-2.0069193487134847
blue,medium,west,1.2783262948506813,1,1.0,1.7905139314881016
blue,medium,west,-0.8368270137925313,0,1.0,-0.46940600013034645
blue,medium,east,1.2450572592302576,1,1.0,0.8363674630195772
red,medium,north,-0.30290942352566586,1,1.0,4.632579381894874
red,small,south,1.8352919936457222,0,1.0,-0.9340896484800438
red,large,north,-0.5160822191417347,1,1.0,4.927470776759543
red,medium,east,0.1704585615247876,1,1.0,1.8854986010623427
green,large,north,1.258232127329305,1,1.0,2.441631106883641
green,small,north,0.09399027516151563,1,1.0,0.16819347179359195
red,medium,west,0.7757007247474512,1,1.0,3.8035978138625004
blue,small,north,1.9001841776753523,1,1.0,2.3127325136666728
blue,medium,north,0.1854254000051686,1,1.0,2.3411454932889506
blue,large,north,1.1495809639650465,0,1.0,1.7333497528136534
red,medium,south,-0.9086016218045904,0,1.0,-1.0617950120478354
blue,small,north,0.23595943737694403,0,1.0,0.17677999999348393
red,small,north,-0.9969753242209154,0,1.0,-1.4033998625396866
green,large,north,-0.9245084458162922,0,1.0,1.4666717180269304
blue,large,south,-0.7589000006624265,1,1.0,-0.3241495826277877
green,medium,north,0.739380019120338,0,1.0,0.9889397326144096
blue,large,east,-0.5959155921502903,1,1.0,1.6169265587447121
blue,small,south,-0.4744696494819845,0,1.0,-1.9797538092551055
blue,large,north,-0.45843623380751247,1,1.0,3.593692657903674
green,medium,north,1.2870166405271182,0,1.0,1.1045648441034503
green,medium,east,0.0322343240181864,1,1.0,-1.1747607545945682
blue,medium,south,2.1438439045637296,1,1.0,-1.3560002867027638
green,large,south,-0.46646909640660933,0,1.0,-0.9407825882873662
green,large,north,1.9196851039508234,0,1.0,1.633832070942232
green,medium,north,0.5259019045940179,1,1.0,1.8695465868212817
blue,medium,west,-1.68234636355836,1,1.0,0.18705791917088677
green,medium,north,-0.7601482523292624,1,1.0,1.341919507550094
green,large,east,0.20558507633812872,0,1.0,0.4353447020073783
red,medium,north,0.8510130150990648,1,1.0,4.624701680298166
red,small,south,-1.318763158633011,0,1.0,-1.8441357359852601
blue,medium,south,-0.4213100094105461,1,1.0,-1.7270275357801366
green,small,west,0.958619949649935,1,1.0,-0.13428231998055074
blue,medium,north,-0.8351365599255656,0,1.0,0.08220815841484158
green,large,east,-0.4509788108802505,0,1.0,0.5500263909315433
red,medium,north,1.4318871803938977,0,1.0,1.5252976387849495
red,large,south,0.8241018170255235,1,1.0,0.49257652767682936
blue,small,north,-0.6455052212479673,0,1.0,-0.9110555302551722
blue,small,north,1.4527887105253228,1,1.0,1.8932704249473615
blue,small,west,-0.4881986520348114,1,1.0,-0.16298857862309035
red,small,north,0.5801811363377665,1,1.0,3.0295151009477133
red,small,south,-1.3619273102617924,1,1.0,-0.9354265592755091
blue,large,south,1.3067085384317996,1,1.0,-0.543515830246316
blue,small,east,-0.020130129211453733,0,1.0,-1.3457846192763578
blue,large,south,1.252944996075583,0,1.0,1.1592616749754696
red,medium,west,0.11909752899036158,1,1.0,3.023572220055557
blue,medium,north,0.3355211840661895,1,1.0,2.3938992089557822
blue,large,south,0.47122140620916403,1,1.0,-0.18932322010879082
blue,large,east,-0.34833931884705227,0,1.0,0.9384257799749425
red,large,north,0.05495743770618988,1,1.0,4.862954593412674
red,large,east,-0.6325796253835791,1,1.0,2.890773476385887
green,small,north,1.57515968210429,0,1.0,0.7880480263236279
red,medium,south,-1.5755506514215099,0,1.0,-0.8017283113440965
blue,medium,west,-0.8973933327856668,0,1.0,-0.47808640254724716
red,medium,east,1.2557114863471623,0,1.0,0.27138836452230847
blue,medium,east,-0.13235257803207487,1,1.0,0.1952997535126777
blue,small,south,0.7702869219036395,1,1.0,-2.2615303180550255
blue,large,south,2.1290142544718575,0,1.0,0.39118761861608614
blue,medium,east,-0.025969524425492777,0,1.0,-0.4472394946083866
blue,large,west,-1.6576729054805681,0,1.0,0.600452198155732
blue,medium,north,0.998842958418345,0,1.0,2.264966914652694
blue,small,south,-1.0656983238461173,1,1.0,-4.079865137114468
red,medium,north,-1.4864732740828057,0,1.0,0.0885697519719412
red,small,east,1.1351970469990853,1,1.0,1.3535333094961066
green,medium,south,-0.06813029761579653,1,1.0,-3.050118825645815
green,large,east,1.1928303743464204,1,1.0,0.3258267597375818
red,medium,south,0.004846318330270481,0,1.0,-0.4940826594419707
green,large,south,0.37152915862421726,0,1.0,-0.2553893037877152
red,medium,south,-1.7088410284745639,1,1.0,-2.1390424672507296
green,small,east,-0.9289000775683911,0,1.0,-1.4463394396564562
blue,medium,north,-0.5452971994911825,1,1.0,2.2407295953626925
green,small,east,-0.8252717316717609,0,1.0,-0.948937211977516
red,small,west,0.7916177405724578,0,1.0,-0.3760183643803656
red,small,west,-1.2228748907531681,1,1.0,-0.23420257212897067
red,small,north,2.213160422569838,1,1.0,3.743414939245355
red,small,south,1.7663871172538446,0,1.0,-1.5285612650035556
red,large,south,-0.5613449822255338,0,1.0,0.22113352282892965
green,small,east,-0.2652495525192477,0,1.0,-1.5716188786350136
red,medium,east,0.5294585396484668,1,1.0,1.9490524577708006
red,large,east,-0.6904176062150773,1,1.0,3.5552435177960504
red,small,south,-0.02801705422696709,0,1.0,-1.9090838244145225
green,medium,east,0.8430253526557767,0,1.0,0.4407838096648792
green,small,north,-0.19517504490952942,1,1.0,-0.18402498320845845
green,small,north,1.3745853358136755,0,1.0,-0.3612025150361796
green,medium,south,1.8062496719654266,0,1.0,0.6435610719520124
blue,small,south,0.3174731394973178,0,1.0,-1.652272201321076
blue,medium,east,-1.6302617379482025,0,1.0,-0.4773085047115447
blue,medium,east,-0.325564624376268,1,1.0,0.06410643850598374
green,large,west,-2.176290633454066,0,1.0,1.0855143461153154
green,small,south,-0.17380219448389625,1,1.0,-4.471731279130575
green,large,east,-1.0104234060404553,1,1.0,0.05896565117956526
green,large,north,-0.5047341181886101,1,1.0,2.3018782645635474
blue,large,east,0.9035687221846314,1,1.0,1.143548163953342
blue,large,west,0.3837867142736876,1,1.0,3.538477770462379
blue,small,south,-0.47718617329510493,0,1.0,-1.5767837127085442
red,large,west,0.08090029755630922,1,1.0,3.7358907756911837
green,medium,east,-0.42466101662613903,1,1.0,-1.1057894541996538
green,large,north,-0.05486892373594839,1,1.0,2.375237114629947
green,large,north,-2.082658137106099,0,1.0,0.160306305020102
red,small,south,0.6695152353169038,0,1.0,-1.2031998155851362
blue,medium,south,1.8194210442591598,0,1.0,0.5481053341385221
green,medium,east,0.3809276999917097,1,1.0,-0.8025458013364646
blue,medium,east,0.23118245716293914,1,1.0,-0.05677782987284763
red,medium,east,-2.046367505656048,0,1.0,-0.842285360648722
blue,medium,west,-2.127257435679539,1,1.0,-0.1995898863743374
red,large,north,1.2669739462448981,1,1.0,5.601645660121078
blue,large,east,-1.9620168738872246,1,1.0,1.0471495724104694
green,large,west,1.0945029163218518,0,1.0,1.3497680330956143
red,small,west,-1.2288559329548459,0,1.0,-1.4084167781039505
red,small,east,0.501626776073367,0,1.0,-1.9393880912328063
blue,medium,east,0.633881927570559,1,1.0,-0.13204655065270232
blue,small,east,-0.5927318678805361,1,1.0,-0.40879155265192985
red,small,south,-0.8570404313904745,0,1.0,-2.5902588102609148
blue,medium,south,-1.3394824146813353,1,1.0,-1.9547405474866997
green,small,south,1.279301622352612,1,1.0,-3.60335913260525
blue,medium,south,0.2574862608381349,0,1.0,-0.8431575979555959
red,small,east,0.09894408848686005,0,1.0,-1.8871406765719554
red,medium,west,0.35801745752522973,0,1.0,0.20402837220525016
green,medium,south,-0.3405406521281125,1,1.0,-2.3181327077560434
blue,small,south,-1.2043573778918537,1,1.0,-2.7968099260925587
red,medium,west,1.0866977593173763,1,1.0,2.506095409382832
green,large,west,0.8874252947846105,1,1.0,1.3553206096315233
blue,medium,west,0.4060043773482123,0,1.0,-0.40102590909014296
blue,small,south,-0.190287923363338,0,1.0,-1.8837744296721828
green,medium,north,1.2172896025860482,0,1.0,0.2953778613635497
green,large,north,0.5492010223619467,0,1.0,2.165107030282674
green,medium,south,-0.8668138480847071,1,1.0,-3.8279746962967107
blue,medium,south,1.149438272886768,1,1.0,-2.024875707226969
blue,medium,west,-1.3340191494908775,0,1.0,0.5270512143410916
green,medium,west,0.4578045122620301,0,1.0,-0.14321965523964975
blue,large,west,0.012478865948867955,1,1.0,2.9998799864443084
green,small,south,1.419246298472249,1,1.0,-3.7128539622781065
blue,small,east,-0.2943032616626417,0,1.0,-1.1865212832290335
red,medium,east,-0.2943511670136039,1,1.0,2.2874120284924038
red,small,west,-0.01661319783656218,0,1.0,-1.0001225868393973
blue,large,south,1.8009904947719784,0,1.0,1.3316845268982906
green,large,west,-1.011690198676681,0,1.0,0.3245507098727589
red,small,north,-1.4872953154313358,1,1.0,2.682213522769789
blue,large,west,0.2858883294161058,0,1.0,0.902323569103862
blue,medium,west,1.026637293775687,0,1.0,1.7416541978446607
blue,large,west,-0.1577103808971484,1,1.0,2.743784245955776
blue,medium,south,-0.37668880747023403,1,1.0,-2.111501889318579
red,small,north,-0.934882964547318,0,1.0,-0.8630902727378069
green,small,east,0.36485981520477206,1,1.0,-1.4955608857397809
red,large,north,0.43121892058067124,1,1.0,5.171494194656566
blue,large,west,0.917034401841588,0,1.0,1.8298642217334846
red,large,north,0.12947067618673821,1,1.0,4.373176000920097
blue,small,south,-0.16187898618557472,1,1.0,-2.9075405094821756
blue,small,west,-0.555987104083767,0,1.0,-0.850716550146751
green,medium,south,-1.0949808535931649,0,1.0,-0.8323931405998031
blue,large,south,-0.09743605513256927,0,1.0,0.1665980563498533
red,medium,south,-0.09663300715313847,1,1.0,0.7084721003719048
green,small,north,1.2445728601923067,0,1.0,-0.06385596421815662
blue,medium,north,-0.7757823375324903,0,1.0,0.5978280989080766
red,large,east,0.40777376928681897,1,1.0,4.388951448883221
blue,medium,north,0.5634504835980471,1,1.0,2.5195763858897906
red,large,west,-1.0209229896406653,0,1.0,1.1425084786857878
green,large,west,0.016533943554071846,0,1.0,0.9216117653809158
blue,large,south,0.8921740156516582,0,1.0,-0.09879045467542935
blue,large,north,-0.294665587904927,0,1.0,1.7181740909216783
red,small,east,0.665651740766066,1,1.0,1.1867416168605565
green,small,south,-0.5929568414792716,0,1.0,-1.7940147555883494
blue,small,east,-0.4490762162762691,1,1.0,-0.046638836178505394
red,small,north,0.5139331265101351,1,1.0,2.3750948330279122
blue,large,south,1.437536912203298,1,1.0,0.023865617044326104
red,medium,west,0.5493256671122808,1,1.0,2.8975809781758057
green,large,east,1.7239367647394717,1,1.0,-0.18083063470574012
blue,large,south,-0.06852854673105373,0,1.0,0.6957827080782855
green,small,west,-1.3457009230925865,0,1.0,-1.540944671910287
blue,medium,north,1.1569148292814695,1,1.0,2.7351073853614416
blue,large,east,0.08159101945695682,0,1.0,0.7089894805735844
green,large,north,-0.9541252327839751,1,1.0,1.456444400193219
green,medium,south,0.9584249022838108,1,1.0,-2.4275778574802285
blue,large,north,0.018088418427501234,0,1.0,1.7231033317594073
blue,medium,east,-0.11136205776641463,0,1.0,-0.04319161224840132
blue,medium,east,1.4247860067318345,1,1.0,0.9590162228453248
red,medium,north,-0.4008518373127968,0,1.0,0.7850990891226808
green,medium,north,1.0655306218712421,1,1.0,1.4392742640498115
green,medium,south,-0.503600772662125,0,1.0,-1.2466535326092085
blue,medium,north,-1.654575714171634,1,1.0,2.6865385815965173
blue,medium,south,1.3797990871439294,0,1.0,-0.38459185255935074
red,large,north,-0.4703779254855583,0,1.0,2.323390595866883
green,medium,west,-0.4291795702205766,0,1.0,0.5983075374670139
blue,small,south,0.9616884660232708,1,1.0,-2.7527935436823925
green,large,east,1.4960584773070102,0,1.0,1.5978244359067422
green,medium,north,1.4826975979186603,0,1.0,1.2056504480764243
blue,small,south,-0.0012498189470967814,1,1.0,-3.1721639922536444
blue,small,south,0.5688920008553424,1,1.0,-1.4554159853087187
green,medium,east,0.33533843375434946,1,1.0,-1.6847347265765609
red,large,east,-2.249519410278171,0,1.0,0.08424763907414029
red,medium,south,0.2858652243120979,0,1.0,-0.8397676396604093
green,large,north,0.9791716029308887,1,1.0,2.582101534385471
green,medium,west,0.10824076240272744,1,1.0,-0.25648179802816884
red,small,west,0.9604150681606686,0,1.0,-1.0702802683229786
red,large,west,-0.08482309618807776,0,1.0,1.6236531765556488
blue,small,west,-0.6982464449428583,1,1.0,0.3718417327927281
green,small,south,-1.9270345040713353,1,1.0,-4.014417559630456
green,large,east,-0.1657197114176929,0,1.0,1.0373413934233269
red,small,north,0.16364198191237733,0,1.0,-0.45852268727503687
blue,large,north,-1.6343920171758226,0,1.0,1.213667077189563
green,large,east,-1.7071279138318496,1,1.0,-0.43186558333458736
blue,small,south,0.5158420335770864,0,1.0,-0.8811013960923506
red,small,east,-1.020594530740941,1,1.0,0.36062614697691686
green,medium,north,-0.5361891261536552,1,1.0,1.75343048223831
green,small,north,0.11841438227684846,0,1.0,0.012588605592040919
red,large,south,1.2670907260572974,1,1.0,1.7540084053959575
red,small,west,2.751946142630102,1,1.0,2.982389471262558
green,large,east,0.31600453896010877,0,1.0,1.3964897047640066
blue,medium,east,0.7994710358628567,0,1.0,0.7912578328289812
red,small,east,0.8104022085508356,1,1.0,1.0013601637874225
red,medium,east,1.3526058494991966,1,1.0,2.0042241261255422
red,large,north,0.14227811525838838,1,1.0,5.773357487689702
blue,medium,east,-1.8466309073695275,0,1.0,-1.2293151589049383
red,large,south,-0.9423918242492801,1,1.0,0.5128598424962834
blue,large,south,-0.6770452213615618,0,1.0,0.42570425310550686
red,small,west,-0.9482101755331346,0,1.0,-1.3359663042792427
green,small,south,-0.3792415374123331,1,1.0,-4.687124012038562
blue,large,east,-1.2091294419271688,0,1.0,1.0807627687629267
blue,small,north,-0.05999891609182596,1,1.0,1.1096942952215745
blue,medium,east,-0.42945763458714553,0,1.0,0.40199116482467057
blue,medium,north,-2.1895452022793798,1,1.0,2.7298223834524973
blue,small,west,0.6138257668385214,1,1.0,0.7961367813905667
blue,medium,west,-0.7201573498360415,0,1.0,-0.22199040003463852
blue,medium,south,1.1032822141781535,1,1.0,-2.1800163799723618
blue,large,west,-0.29541819346570797,1,1.0,1.8372511925635688
blue,medium,north,0.4565790982218395,1,1.0,2.2917506703088937
red,large,east,-0.7991488339477004,1,1.0,3.400315574805881
red,small,west,-1.97737316765869,1,1.0,1.9846657573188522
red,medium,east,0.7660102473931205,1,1.0,2.606076739182543
blue,medium,east,0.14958275897939016,0,1.0,0.3655304993585345
blue,large,north,0.5130703133954718,0,1.0,1.5356247045422133
green,medium,east,0.7347703847614198,0,1.0,0.5254562902335389
blue,small,south,-1.443987221454744,0,1.0,-1.5067823846558408
red,large,west,-1.0318936411610855,0,1.0,1.5336528775815752
red,small,south,1.0154488168903262,0,1.0,-2.792216015022376
blue,large,east,-0.04044553948870469,0,1.0,0.6199254214186194
blue,small,east,0.36397821310586936,1,1.0,0.8784241133186333
blue,large,east,0.06412813476886754,1,1.0,0.8968657514486015
blue,small,east,0.1313861317968136,1,1.0,-0.5189905866748463
red,small,north,0.4882296350327448,0,1.0,0.1466524703921787
red,medium,north,0.5404176271608138,0,1.0,0.5099857866232507
blue,medium,south,-0.8340227367634883,1,1.0,-1.5841855372236313
green,large,south,-1.3163438046912792,0,1.0,0.9293441362830153
green,large,west,0.4418954421309182,1,1.0,1.2191194878887606
red,medium,south,0.2911205885429528,0,1.0,-0.27648132403686376
red,large,west,-1.0312904927507311,1,1.0,3.2191524244867624
green,large,north,0.17710210578172864,0,1.0,1.879963830231015
blue,small,west,-0.03728526535535573,0,1.0,-0.2506189013038297
green,medium,west,0.22304539244794816,1,1.0,-0.5506333023855357
blue,medium,south,-1.928779064410578,1,1.0,-2.064342556738376
blue,small,west,0.06074964700723089,0,1.0,-0.7044997374316919
red,medium,west,0.32873333362311413,0,1.0,0.1623087219233845
red,small,south,-1.0616521196222017,1,1.0,-2.092947047378097
blue,small,west,0.4708865488422668,0,1.0,-0.680487896672208
blue,small,south,0.7893516576136934,0,1.0,-2.1822297363064735
green,small,north,-0.8947917535313707,0,1.0,-0.6102636047372494
blue,large,west,0.4623627324228041,1,1.0,2.427948883615044
red,small,east,0.2468956760777921,0,1.0,-0.5999398260505264
red,small,west,-0.4798651756744486,1,1.0,1.5043378929352422
blue,large,north,0.4875949968802175,0,1.0,1.8738198885040125
blue,small,east,2.039359843762172,1,1.0,-0.25081442939352605
red,medium,north,0.6078564141695165,0,1.0,1.1482905335221036
blue,large,south,-1.2327688395115637,1,1.0,-1.2301064610888808
red,small,east,0.936117059720955,0,1.0,-0.8415651040637487
green,large,west,0.05060253815453019,0,1.0,1.5760543839266392
green,small,south,-0.013297344749238894,1,1.0,-3.9362626521572865
red,small,north,1.584399232787605,0,1.0,-0.02414505819714044
blue,medium,south,-0.4804563867546551,1,1.0,-1.834936404009452
blue,medium,west,-1.2777556834849746,1,1.0,1.642572278302823
green,small,south,-0.9357725718808468,1,1.0,-5.080795042621844
blue,medium,south,0.6624272016621241,1,1.0,-1.6311412365367908
green,small,north,-0.27911255688523545,0,1.0,-0.08061915770452366
blue,medium,east,-0.5225207525683255,1,1.0,0.4631886197157257
red,small,south,-0.15082935310335543,0,1.0,-2.713204427218242
blue,small,south,1.5382836782966118,1,1.0,-2.462752223302793
red,medium,north,0.6204465147414616,1,1.0,4.658752733955803
red,large,south,-0.08903475529514344,1,1.0,1.1589375778161268
red,large,south,-0.20052818766863645,0,1.0,1.094089011701858
green,large,west,1.2955597488568724,0,1.0,1.4579025070218556
red,medium,south,0.4200535091952527,1,1.0,-0.30850432357017676
green,small,north,0.30323451809234625,0,1.0,0.513594266206389
blue,medium,west,1.4202058924375893,0,1.0,0.12163725473208065
red,small,north,-2.7851416395656168,1,1.0,2.7182443186359957
blue,medium,south,-0.46792061410131647,1,1.0,-1.0574614716707713
blue,small,east,0.4261644020499932,1,1.0,-0.613350305450993
blue,large,west,1.9110251264927365,1,1.0,3.1905826789170324
green,large,east,-1.171425367598324,0,1.0,0.32516086121306104
green,large,north,-0.8744655630717233,0,1.0,1.7701247571638317
red,large,west,-2.1203049673634955,0,1.0,0.9033246593965356
red,small,east,-0.7546076711538534,0,1.0,-1.7390805723287968
red,medium,east,0.8396088637257877,0,1.0,-0.005178749311230912
red,large,west,0.04416237631579249,0,1.0,1.506390695330068
green,large,east,-0.12169439819251013,0,1.0,1.4089824682597798
blue,medium,west,0.13419636420897652,1,1.0,1.8477120499775417
blue,large,west,-1.4287916782393555,0,1.0,-0.4120534553548396
green,medium,east,0.20040910021973846,0,1.0,-0.08932458972876153
red,medium,south,0.5253576842181881,0,1.0,-1.1229845598753339
blue,small,east,-1.7537492233600127,1,1.0,-0.3422401478247411
blue,medium,south,1.4031273147579033,1,1.0,-1.0559949971900997
red,medium,east,0.2574004697813309,0,1.0,0.5893298112297851
blue,medium,north,-0.46463086232323225,0,1.0,0.5460574344561867
blue,large,north,-0.8418265809280001,1,1.0,4.249070436713245
green,large,north,0.6925354848160366,0,1.0,1.723451527937798
green,large,west,-0.661180734057533,0,1.0,1.6968012892015119
blue,large,west,0.984511303318639,0,1.0,1.353504524280989
red,small,east,-0.4864628521048968,0,1.0,-0.8916139294214345
red,medium,north,1.3506527195676283,0,1.0,0.4476960945672165
green,large,east,0.8080425150747939,0,1.0,1.1219739352617242
blue,large,north,2.2896619725320653,0,1.0,1.8955638008887017
blue,small,east,0.0077171939325920876,1,1.0,-1.0704715972564554
red,medium,west,0.2507449967937869,0,1.0,-0.010818773452069441
green,large,west,-0.5313851123734081,1,1.0,0.31058175599302523
red,small,east,1.733367245753153,1,1.0,1.1660516001316548
red,large,west,-0.9163458385843057,1,1.0,2.6354190386344873
green,large,west,1.6261632167130649,1,1.0,1.492709352288788
green,medium,west,-0.9702423682849997,0,1.0,-0.04101986191311482
green,small,west,-1.7869533210190378,1,1.0,-1.1557424669095488
green,small,north,0.6778347741122925,1,1.0,1.2054747775109766
red,medium,east,2.4031193705278726,0,1.0,0.8825196652504355
blue,medium,west,0.6024577181237446,1,1.0,0.8985455023342841
green,large,north,-0.6544109292169527,0,1.0,1.3566557563732384
red,medium,south,0.011724735281313512,1,1.0,0.3450421490947887
green,large,north,-0.42500027223956527,1,1.0,1.8844548526444365
blue,large,west,-1.3449133899555599,1,1.0,2.997688048080623
red,medium,east,-0.6359473159472073,1,1.0,1.009398671705974
blue,small,south,0.4966771343235249,1,1.0,-2.718916730493596
red,small,east,-1.2040136432789312,1,1.0,-0.037187153915292814
blue,medium,north,-0.498209842222732,1,1.0,3.470689937621028
blue,medium,south,0.31865629794427364,1,1.0,-1.689900924712477
red,medium,south,1.073600101799737,0,1.0,-0.3890686570412727
blue,small,west,-1.6495468231670611,1,1.0,0.29601584296913597
red,large,south,-0.7768867029014349,0,1.0,-0.5767290300556472
green,medium,south,0.6395246036222366,0,1.0,-0.3683987306484353
red,small,south,-0.1818078609113537,0,1.0,-2.175515656419344
blue,large,west,0.21822547466911055,1,1.0,2.3754068661101106
blue,small,south,0.29178516497621254,1,1.0,-2.652624981023293
green,small,south,0.1343518270377959,0,1.0,-2.093724029616302
red,medium,west,0.790777693776875,1,1.0,2.6372912769691523
blue,small,west,1.766558230308952,1,1.0,1.295648764727567
blue,small,west,0.13348358433189347,1,1.0,-0.3679695191511575
blue,small,north,0.9678215253384291,0,1.0,-0.29853421101136013
red,medium,west,0.07338801666433047,1,1.0,2.954016510643833
red,large,north,2.266468771801518,0,1.0,3.0972953965924805
green,medium,west,0.2168107113512161,0,1.0,0.40772864000410103
red,small,east,0.8486611767426746,1,1.0,1.590277572941003
red,large,west,0.8879598115621996,0,1.0,1.6587116263910024
red,medium,north,0.5033111232977486,0,1.0,0.23295985212908144
green,small,east,-1.1366640789526008,0,1.0,-0.5818274909825722
red,medium,north,-0.8920722009123305,1,1.0,3.86631488593817
green,large,south,0.639143946343481,1,1.0,-1.553663340345061
green,large,east,-0.4805803629557172,1,1.0,-0.7983766728952977
red,large,west,-0.929994146266529,0,1.0,0.857461560107712
green,small,west,0.09212972669977731,1,1.0,-0.32451076766859055
blue,medium,south,0.3916062103467583,0,1.0,-1.1438345182250274
green,medium,south,-1.2323041043982332,0,1.0,-0.7830938050641865
red,small,south,-0.7706841313116504,0,1.0,-2.673336796468174
red,small,north,-0.6528712362013374,0,1.0,0.10064724643109846
green,small,west,0.9300741922823165,0,1.0,-0.28028955434390357
blue,large,east,-1.5496340133375783,1,1.0,0.11264914000857251
green,small,east,0.6450391638843105,0,1.0,-1.0041464072584863
blue,large,north,-0.9296395080960943,1,1.0,2.8059418925786117
blue,large,west,0.41247102517607864,0,1.0,1.7822654988850186
green,medium,west,-0.13495337295344925,1,1.0,-0.6632604369833821
red,large,east,-1.2539947088103653,0,1.0,0.8695426123668365
red,large,north,1.1027579418953233,0,1.0,0.8141889053626137
red,large,south,0.741599612066292,0,1.0,0.03152825596826608
red,large,west,-0.9964209246632583,0,1.0,0.4576226777897876
red,large,north,-1.0523090886186044,0,1.0,1.8074943448417913
red,small,north,1.4210689435285158,0,1.0,-0.6351000771077855
green,large,west,0.40871358306297145,1,1.0,0.3134183920303192
blue,large,west,1.087698455448615,0,1.0,2.1283981669216514
green,large,south,-2.338633160655157,0,1.0,-0.5991073882187667
blue,large,east,0.40437334835910616,0,1.0,-0.013928957779326678
red,large,east,1.2199313588620715,1,1.0,2.7616664764671217
red,large,west,-1.7380278266735998,1,1.0,3.0158976850680883
green,large,west,-0.9907692332080416,0,1.0,1.1540152771292205
green,large,west,-0.8969559839036394,1,1.0,0.3383725729477096
green,small,east,-0.7795250243389247,0,1.0,-1.689973554194112
blue,large,west,-0.230842618536031,0,1.0,1.1970633127781507
green,medium,north,0.21640784198513105,0,1.0,0.30275167896375044
red,medium,west,-1.7897014314232096,1,1.0,2.144212845087229
green,medium,west,-0.8105685459386508,0,1.0,0.16736389612954974
green,medium,south,-0.06302913880866118,1,1.0,-3.81916276715007
blue,small,north,-0.49828438122016716,0,1.0,0.1532037882052466
blue,large,north,1.5463021298923494,0,1.0,2.233970411387269
green,large,north,1.2580618900350602,1,1.0,2.2212037416363275
blue,medium,south,0.07157490194142399,0,1.0,-0.2512823528175834
green,medium,west,-1.0116726908413143,1,1.0,-0.3647223850309185
blue,medium,west,0.8225882878216522,0,1.0,-0.49920722329046285
red,large,north,0.9186126660759224,1,1.0,4.8917932810755005
green,large,north,0.4646660260919702,1,1.0,2.5172214031169036
red,medium,south,-1.2619968999341016,1,1.0,-0.5567673288400848
green,medium,south,1.589978570407491,0,1.0,-0.17421484862492467
green,medium,east,-0.35358765889373833,1,1.0,-1.3534503571134358
blue,medium,west,-0.010553944930334786,0,1.0,0.4148566063373692
blue,large,south,0.6507840812387137,0,1.0,0.020091328596202274
green,small,west,-0.5416854337493,0,1.0,-1.079050304020273
green,large,north,-0.5966693852071473,0,1.0,1.4774157158285413
blue,medium,west,-1.389082830271828,1,1.0,-0.2594466054832041
red,medium,west,-1.8926966730356984,1,1.0,1.7785191676831635
red,large,south,1.089230521413433,0,1.0,1.0856490997031922
red,small,west,0.010521069961249302,1,1.0,1.5872362656849932
red,small,north,-1.3180789441595573,0,1.0,-1.50450443215435
blue,medium,north,0.10120596074342904,1,1.0,3.14250260527881
blue,small,west,-0.6223845857011442,1,1.0,-0.2387200688480406
red,small,south,0.05661028261780096,1,1.0,-1.2212814330462736
red,medium,north,0.35872285763451345,1,1.0,5.02960087257953
green,medium,east,-0.7800095019986814,1,1.0,-2.1283616905588834
green,medium,north,0.7833982191839651,1,1.0,1.6935412497809401
green,large,south,2.178313078697261,1,1.0,-2.3184121315593527
blue,large,north,-1.6654692952473114,1,1.0,2.890933505655631
red,large,west,0.8014356766804298,0,1.0,0.9469329785891086
red,small,south,-0.8928326899558586,1,1.0,-1.4199148923199358
red,large,south,-0.7685387144581317,1,1.0,1.023789571672769
red,large,north,0.1355544174530561,1,1.0,6.387863930977021
red,medium,north,0.8747750326470191,0,1.0,0.06501206168420415
blue,medium,west,-0.49791783849898047,1,1.0,0.6047384854879796
red,large,west,-0.9213241379861338,1,1.0,2.703843355480877
blue,small,east,-0.5162947482254706,1,1.0,-0.3173111974918555
blue,medium,south,1.028188597951651,0,1.0,-0.6377888055115832
blue,medium,south,-0.6164553732581352,0,1.0,-1.0720414183453602
red,large,south,-0.09834478565189769,0,1.0,0.114493934424515
blue,medium,north,0.08000645773415187,1,1.0,3.2293734947348702
green,medium,west,-0.2919553682808937,0,1.0,-0.23862508987252998
green,medium,south,-1.0268654911709023,1,1.0,-3.0737360061707175
blue,large,east,0.00400586646914075,0,1.0,0.7903885285644783
green,small,west,0.5075599444184439,0,1.0,-0.9062496670719131
green,small,north,0.5730478905350291,1,1.0,0.7793137017029038
blue,small,east,-0.8984413201562771,1,1.0,-0.4725843611912218
blue,small,south,0.7901205828211598,1,1.0,-3.1561810994498836
green,small,north,-0.660064453899719,0,1.0,-0.18839463506954435
red,large,south,-0.26502446857387824,0,1.0,0.9756391811773676
green,small,west,0.5761605771471656,0,1.0,-1.445276575843403
green,large,east,-1.5401836088936196,0,1.0,1.1239967899539378
green,medium,north,-1.738685021760938,1,1.0,1.2445663115845735
green,medium,west,-2.2317358481806053,1,1.0,-0.8254294012637327
blue,medium,north,-0.6467424604299828,1,1.0,3.5445968480658583
blue,large,south,1.3705746649980524,0,1.0,1.2015210891023442
green,large,east,0.6522747009864267,0,1.0,1.4286796005540243
red,small,east,0.3889548426501702,0,1.0,-0.41614301562755845
red,large,east,-0.39001649635912833,1,1.0,3.1003118048287157
red,medium,north,0.7339557035873318,1,1.0,4.5217925923035756
green,large,north,1.6679584636929872,0,1.0,2.9321413502695597
green,small,east,0.28842169814167773,1,1.0,-2.5737257076643996
blue,small,south,0.618736765141904,0,1.0,-2.6355481408963177
red,medium,east,1.1008578646465905,1,1.0,1.5351541474451516
green,large,south,1.3668854317599868,0,1.0,0.35871512744456585
red,medium,east,-0.8134612354031454,0,1.0,-0.6731059380082917
blue,large,south,0.3601526828087932,0,1.0,0.2344666630801462
red,small,east,-1.8198243546011579,0,1.0,-1.863229953440574
green,small,east,0.3810048652309717,0,1.0,0.1622597004243731
red,medium,west,0.2751806673772741,1,1.0,3.5499660996056046
blue,medium,west,1.1315594818817942,0,1.0,0.5022392962906667
blue,large,west,1.1336151663125396,0,1.0,2.164173916807424
green,small,south,-0.07518332523721212,0,1.0,-2.1893317230713776
blue,small,west,0.5945973720107985,0,1.0,-1.1850408838594277
blue,medium,south,-1.3558066532935413,0,1.0,-1.8482786650623564
blue,small,west,-0.5031526851252386,0,1.0,-1.7698699092428334
red,small,west,-0.0997310540649056,1,1.0,0.6252207112647403
blue,medium,north,-1.3447304635031596,1,1.0,3.1528097092137695
blue,medium,east,0.8769723896946288,0,1.0,1.041147165520911
blue,small,west,-1.0118264221537325,1,1.0,0.35779274949533313
blue,medium,east,0.08048278696978321,1,1.0,-0.1381912220952498
red,medium,west,0.88771217041939,1,1.0,3.239492831088983
green,medium,east,0.6586165172304949,0,1.0,0.8537367418143194
green,medium,north,-0.6782997240567086,0,1.0,0.5570897716298447
blue,small,east,-0.4873084437883248,1,1.0,-0.9181114217972866
red,large,east,1.268384398036292,1,1.0,3.247033992983111
red,small,north,-1.2787066460816774,1,1.0,2.3799617718202635
green,small,west,-1.9246374679459253,0,1.0,-0.4693456275774861
green,medium,west,-1.6366145692236942,1,1.0,-0.3721447725919832
red,large,east,1.209841326855153,1,1.0,3.7772530764136394
blue,small,north,1.7928328985074435,1,1.0,2.6659881756752486
blue,large,south,1.7554577777945375,0,1.0,0.7053790852257328
green,medium,north,0.15189690412686901,1,1.0,0.7797175449970511
red,small,west,-1.0908882004308078,0,1.0,-0.9947187597584678
blue,small,east,-1.370662803956674,1,1.0,-0.5758531560772049
blue,medium,north,0.20817411418880796,0,1.0,1.1039979256274877
green,medium,east,-0.6166946138471582,0,1.0,0.5065845218655184
blue,large,south,-0.6720854730310496,1,1.0,-0.09731918305308318
red,large,north,0.28610031984793255,1,1.0,5.267237293216259
blue,medium,east,-1.040319963374401,1,1.0,0.46707022605464865
blue,large,east,-0.1255930432143133,0,1.0,0.8449365348989222
red,small,north,-1.5672844487991375,1,1.0,3.2563738681255785
red,small,north,1.7189928295570849,0,1.0,0.2027970292304782
blue,medium,east,1.2687786755288493,1,1.0,1.2520206240910796
blue,medium,south,-0.34354041137286323,1,1.0,-2.0040015911927394
blue,medium,south,1.1295424863684267,1,1.0,-1.13072680394429
green,large,south,-0.23386684198560365,1,1.0,-2.8366609509414578
red,medium,east,0.6154831614766542,1,1.0,2.4340143434161785
red,medium,north,0.5979888615791311,0,1.0,1.0757797725298406
green,medium,west,-0.9633735575736935,0,1.0,0.2740197893684483
red,large,north,-1.8332154379416545,0,1.0,1.3327375145589473
blue,large,north,-1.4782557867503385,0,1.0,0.3372223132187152
green,large,south,-0.01255916982916537,1,1.0,-2.962592379820471
green,small,south,-0.6063093488169338,1,1.0,-5.05713503367766
red,small,south,-0.6342256267222953,1,1.0,-2.3571512322432167
red,small,south,0.18859152024693362,1,1.0,-0.161972892039717
green,small,west,1.140932708900056,0,1.0,-0.6360589610810807
red,medium,west,-1.2494933144010856,1,1.0,2.7865072203119534
blue,small,east,2.6271907366585987,0,1.0,0.05525169841835231
blue,medium,west,0.8438167657377,1,1.0,2.0318894046950926
green,small,south,0.28786289877935495,0,1.0,-1.6452821696445479
red,small,south,-0.7643615118142949,1,1.0,-1.4181335211340254
green,large,east,0.8862398994318866,1,1.0,1.0116778724351303
red,medium,west,-2.1077854388913675,1,1.0,1.8097537730195052
green,small,north,0.0024296874361599274,0,1.0,-0.6179391149824022
blue,large,south,-0.8496735253129498,1,1.0,-0.9443057546246526
red,medium,south,1.4730391176691628,0,1.0,-0.2645651261613323
blue,medium,east,2.4587833991100423,1,1.0,1.3913019218383649
red,large,west,-0.6296656800637085,0,1.0,1.3695078024810616
red,large,west,-0.45790018113933306,1,1.0,3.1508905838683394
red,small,south,-0.599199621427939,0,1.0,-0.6510272110995605
green,medium,north,-0.96299835423238,1,1.0,1.3442737656305712
green,medium,south,-0.3442995749539892,0,1.0,-1.11677796737265
blue,large,north,1.165594804610454,1,1.0,4.16273358014389
green,small,north,0.12710910725857763,1,1.0,-0.4028257666866898
red,medium,south,-0.6016673763159551,0,1.0,-0.5036959935295342
blue,medium,west,-0.1031663974660009,1,1.0,1.7020403222951161
blue,medium,east,-1.7542186066514718,0,1.0,-1.115116975931938
green,large,east,0.6854615639578592,0,1.0,1.9549229378986026
green,large,north,0.3880558502656332,1,1.0,1.7197204363523206
red,small,west,-0.6315164675250373,1,1.0,1.5884287353874897
green,medium,south,0.1914096427916656,1,1.0,-3.6749673812885475
red,medium,east,-0.9405356760534039,0,1.0,-0.42314434762312214
green,medium,south,-1.3688820132734332,1,1.0,-3.0060276515445805
blue,small,south,-1.7021842604867554,0,1.0,-1.5379823273953162
green,medium,north,-0.6864624483729955,1,1.0,-0.6191836005429925
red,medium,north,-0.12570480248258759,1,1.0,3.933223003921381
green,medium,east,1.7248535492423633,0,1.0,1.212596747541312
red,large,north,-0.33885958636385705,0,1.0,1.7745344817737512
blue,medium,north,-1.8644910023140642,0,1.0,0.5499863007755728
green,small,east,0.1564001215824413,0,1.0,-0.783520199680182
red,medium,north,-0.24382467948904812,1,1.0,4.436926893401392
blue,medium,north,0.7676267244978319,0,1.0,1.2382084866723408
red,large,west,0.5304523163064259,1,1.0,3.790596303507134
red,large,west,-1.5932072198209664,1,1.0,2.780026998394251
blue,small,south,0.8475385356848533,0,1.0,-1.0163433825092547
red,medium,east,1.4069038466129091,1,1.0,2.562067820098858
green,medium,north,0.8535763902490466,1,1.0,1.9701481376794974
green,large,north,0.8261494894174712,1,1.0,1.7410534429478015
blue,small,north,0.9769155595702087,0,1.0,-0.02272578529599456
green,large,south,1.901917869102178,1,1.0,-1.4784998173055304
blue,small,west,1.0271223764750834,0,1.0,-1.0732156644817983
blue,large,north,0.7527175976601712,0,1.0,1.989717459244188
green,medium,west,1.6910182547821795,0,1.0,1.3334023147382115
blue,large,west,-1.0422855708573893,1,1.0,1.841880591024887
green,large,south,-0.21619470928255569,1,1.0,-2.9551577032343115
green,medium,east,-0.524234164332968,1,1.0,-1.0161773030707286
red,medium,west,-0.1509888489434409,1,1.0,1.9829537894339953
red,large,west,1.7696679612566772,0,1.0,1.1137685869661682
red,medium,east,0.9642593128768259,0,1.0,0.6102099898091851
green,large,south,1.1504960909663648,0,1.0,0.8043138237275144
green,large,west,-0.4071264469801323,0,1.0,1.579320037884508
red,large,east,0.3064890473699954,1,1.0,3.0976701292942086
red,large,west,-0.017355635117651133,1,1.0,2.6981402789602527
green,medium,east,0.2665681981691285,0,1.0,-0.1148194463511715
blue,large,south,0.35805273787172054,1,1.0,-1.330891473845758
red,small,east,-0.3863655896632775,1,1.0,1.2792815666349817
blue,small,west,0.3733168109041344,1,1.0,1.5409010052111953
red,small,south,-0.6688223554402973,1,1.0,-1.842628212052877
blue,small,west,0.2800454866682689,1,1.0,0.3343965255725046
red,medium,north,0.40552811082824214,1,1.0,3.800288315963385
red,large,east,0.8779950224074704,1,1.0,3.925344990832518
blue,large,north,-0.03426781256012711,0,1.0,1.8774667499266475
green,medium,south,0.9070609647358844,1,1.0,-2.9128761281927917
red,small,north,-0.9819830317863963,1,1.0,2.7586407141406464
red,small,east,0.09954245973640946,0,1.0,-0.6597767682712155
red,medium,north,-0.9065354027009703,1,1.0,3.731665812534091
red,small,north,-1.2126462479141455,0,1.0,-1.0024155214005765
red,large,south,-0.34796749887259876,0,1.0,0.704145441694766
red,small,east,-1.6364514760400417,1,1.0,-0.6138345821088413
blue,large,west,0.10309121145060648,0,1.0,1.5853445241193505
green,large,west,-0.09974200405752018,0,1.0,1.2599998654142262
red,small,west,-0.4769201098021671,1,1.0,0.8737114841485129
blue,small,east,-0.2968317930453926,0,1.0,-1.0135817781358147
red,medium,south,-0.12550832254778763,1,1.0,-0.3314853188185896
blue,small,south,-0.4982350095901582,1,1.0,-2.8290364064018396
green,large,south,2.120730453281847,0,1.0,1.5284399847636012
green,medium,south,0.10186352193385333,0,1.0,-0.961294492993509
red,large,east,0.736934123213281,0,1.0,0.8932202553779545
red,large,east,-1.2570159816422963,1,1.0,2.525278266090497
blue,small,south,-1.1388596072466302,1,1.0,-3.2249225957947734
blue,large,east,0.9324659488912732,0,1.0,1.127011291824919
red,small,south,0.33784331250022354,0,1.0,-1.440200431168356
green,medium,north,-1.5865368605322465,1,1.0,1.6444900005689602
red,large,south,0.2647695004363826,0,1.0,0.8743403878179552
green,small,east,1.3554960954304847,1,1.0,-2.2571739945081406
red,large,south,-0.4042499821917193,1,1.0,0.7967436145470902
blue,large,south,0.12038095951562712,1,1.0,-0.8266010710140337
red,small,north,1.856087088867941,1,1.0,3.519581511727673
blue,large,north,1.1825580130232038,1,1.0,4.214411701318022
blue,large,west,-0.7871555153315083,1,1.0,1.3773087209003685
green,large,east,-0.0070978615479960075,0,1.0,1.5604136569910794
red,large,west,-1.2523461685440214,1,1.0,4.160285700941798
green,small,east,0.6466654975225015,1,1.0,-1.6726728153587638
green,small,north,-0.015150727752307405,0,1.0,-0.9759339027406329
green,large,east,-2.288460158605448,0,1.0,-0.09872560339697112
blue,medium,north,2.487958361756201,1,1.0,4.3256653397386025
red,small,east,0.20458232729479076,1,1.0,0.45975445557971184
red,medium,east,-1.1342852178221272,0,1.0,-1.1385790241331601
red,small,south,0.11264473593214805,1,1.0,-0.8438791073614982
green,small,west,0.9876118221320178,0,1.0,-1.2437475051875426
green,large,south,0.015664690317588933,0,1.0,0.32794400758140446
green,small,west,-1.0806748502171184,1,1.0,-1.352417541697997
blue,medium,west,0.725397852869593,0,1.0,-0.0022927038249139775
red,large,south,0.9654325337136157,0,1.0,0.33978501949721884
green,medium,east,-0.1218158814272712,0,1.0,-0.2329948162979288
red,small,north,1.1542428810258891,0,1.0,-0.5627251758575453
blue,small,west,0.8597285625573674,1,1.0,0.7705258754220623
red,small,east,0.8059963364598108,1,1.0,0.7965321919503674
red,small,west,0.10320620767275916,1,1.0,2.0631546822680074
red,large,east,-0.03187915874093247,0,1.0,0.5318125569289331
green,large,north,0.755690930838161,0,1.0,1.9505218132757445
red,small,east,-1.6751985253176467,0,1.0,-1.8087937601476882
blue,large,east,-0.15481504496471166,1,1.0,0.9294913697256135
blue,medium,north,0.5352837444514749,1,1.0,3.0084524287483547
green,small,east,0.6226157896493646,1,1.0,-2.811349053914345
green,medium,north,-0.9224147851235964,0,1.0,0.6099112359173534
blue,large,east,-0.02993132253247272,1,1.0,1.081950314865365
red,medium,north,-1.5100875252731667,0,1.0,0.16555482780794317
green,large,south,-0.16111524759546625,0,1.0,0.43853478910528765
blue,small,east,0.7574320972585161,1,1.0,-0.7890025755007225
blue,medium,south,-1.5434511833872762,0,1.0,-1.3451046776323516
blue,medium,south,0.20885263964160844,1,1.0,-2.172499152366936
red,small,east,-0.2332207031381255,1,1.0,1.1742788307795775
red,small,west,-1.0685435513075972,0,1.0,0.08330827151470954
blue,medium,east,-0.17680510599244456,0,1.0,0.193647496504324
blue,small,east,0.6934412150059264,1,1.0,0.2874323395537344
blue,small,north,2.547165837593206,0,1.0,0.9100604134936751
red,large,south,-1.5810533854725894,1,1.0,1.0845853217443011
green,small,west,-2.1156222989681193,1,1.0,-2.0385406039339475
green,large,east,0.5701162573030323,1,1.0,-0.04969838702481211
blue,large,south,-1.1507919147702335,1,1.0,-0.5064209136942142
blue,large,east,3.0171813124700715,1,1.0,2.2489539348569325
blue,small,west,1.142179137484582,0,1.0,-0.5712379379152855
green,medium,east,-0.6749117988742737,1,1.0,-1.3390630019791456
red,small,east,0.6295473402469953,1,1.0,1.7587195560738031
red,small,west,0.820340552425068,0,1.0,-0.018541015815613848
blue,medium,north,0.3531461040369943,1,1.0,3.1310918634352536
blue,large,west,-0.2860966722825054,1,1.0,2.5408988408749345
green,small,north,-2.608979926232964,1,1.0,-0.6736616530005995
green,small,east,-1.1388808668574635,0,1.0,-1.263142691511098
blue,small,west,0.4997263543842948,1,1.0,1.0954872828058133
blue,medium,west,0.17581900577487072,0,1.0,-0.24214568263245112
blue,medium,west,0.27373049514261166,1,1.0,2.049039636736766
blue,large,west,0.21275604126617748,1,1.0,2.4740839167153283
green,small,north,1.7691892961776705,1,1.0,0.48174148950506457
green,large,east,-0.5995448283838358,0,1.0,0.8858576090178124
red,medium,west,-0.31987987988907396,0,1.0,0.33321122106225054
green,medium,east,0.4881337995927921,0,1.0,0.42067358862428567
green,medium,north,-1.5038976977232885,1,1.0,1.2613547178837354
red,large,south,-0.47112343429149517,0,1.0,0.26932509294900486
blue,small,east,0.8714003025749169,0,1.0,-0.5890951453127794
green,medium,north,0.09444973938633433,0,1.0,0.49339995924053126
red,medium,south,-0.4843880471854559,1,1.0,-1.2713632234221035
blue,medium,north,1.00333425528829,1,1.0,2.717530853700117
blue,small,north,0.2904729728448963,0,1.0,-0.2826399225151903
red,small,east,-1.8759516314389275,1,1.0,0.5220057210128961
red,large,east,-0.6356269765875228,0,1.0,1.3169140908533457
green,medium,west,-0.8676644552803652,1,1.0,-0.07668191260028173
green,small,south,-0.36787050834565754,1,1.0,-4.03259166306435
red,medium,north,-1.4204946348530754,0,1.0,0.4466003648227617
green,small,east,-0.02501899169244113,1,1.0,-1.8783265902566928
green,medium,south,0.05222378321705935,1,1.0,-2.95643305262572
red,medium,east,-0.49759074602824493,1,1.0,2.3017075933410722
red,medium,south,-1.2755833297166197,1,1.0,-1.116437309076537
red,large,west,0.2220844873893263,1,1.0,4.031932193627781
red,small,south,0.9308171209082743,1,1.0,-1.0197029104903843
red,large,north,-0.6081387530494894,1,1.0,4.583129822273591
blue,large,north,1.0531588001382006,0,1.0,2.418988606941063
red,large,east,1.0361974123025999,0,1.0,1.8827797383043552
blue,small,south,-0.4537315457207017,0,1.0,-1.7001324802561972
red,small,south,0.8426455926394599,1,1.0,-0.27494882094449713
red,large,south,1.081302548482178,0,1.0,0.39766283249167844
red,large,west,1.55152023173899,0,1.0,1.7746003130319015
green,medium,east,1.1820638303561426,1,1.0,-0.15331847233229995
green,large,north,0.6275486650176614,1,1.0,2.042060141556146
green,medium,north,1.8241493361356826,1,1.0,1.2499238894519251
blue,large,west,-1.001099171827691,0,1.0,0.36105829152389246
green,small,north,-0.43268853579691097,1,1.0,-0.2554367046721173
blue,medium,north,0.4893927947350344,1,1.0,3.29778687511183
blue,small,south,0.5837886823714931,0,1.0,-0.8146990788156436
red,large,south,2.560352011309621,1,1.0,1.4241525345394912
blue,medium,north,0.053931499173812604,0,1.0,0.9130903407447795
red,medium,north,-0.37648250536412503,1,1.0,4.7357775030142095
green,large,west,1.2637859488008176,1,1.0,0.8871881010518899
blue,small,east,-1.213234693832692,1,1.0,0.036908750772292054
green,medium,east,1.196157070495384,1,1.0,-0.6841094487604701
red,small,north,0.3602957207173534,0,1.0,0.09652966209418809
blue,medium,south,0.23411838141925578,1,1.0,-1.6114935946399465
green,large,east,-0.7301678810034994,1,1.0,-0.9379663457096167
red,medium,north,0.5841727766708354,1,1.0,4.711168479093489
green,medium,east,1.5047751356901518,0,1.0,0.16601687777717045
green,large,north,0.627111503638529,1,1.0,2.1141971433722797
red,large,north,-0.2839854597935869,0,1.0,1.0993715733852634
red,small,south,-0.1854982715851637,0,1.0,-1.2633137633326172
green,small,west,0.6417296942391799,0,1.0,0.11648241515332802
green,medium,east,-0.1126213283342366,0,1.0,0.6103127492140373
red,large,east,0.7846449224366405,0,1.0,1.2925745731305833
blue,small,north,0.9573127742315293,0,1.0,-0.5535991330306461
blue,medium,north,-0.33097023921039975,1,1.0,2.1374215194518493
green,small,east,-1.2109757403043588,1,1.0,-2.5052387045559623
red,small,south,0.2387418104730518,0,1.0,-1.0469930497810638
blue,large,south,0.3341837393142645,1,1.0,-1.5210316576728267
red,small,west,1.1416718276035298,0,1.0,-0.3040622318376317
green,small,east,1.0301494210865039,1,1.0,-1.9296872278540471
red,medium,south,-1.447320580815846,1,1.0,-0.7322032584021266
red,small,south,-1.4502992126117764,0,1.0,-1.8172716958682855
green,small,east,-2.3402366162486836,0,1.0,-2.1192642484920885
blue,small,south,1.5578265340916368,0,1.0,-2.046330330838504
blue,large,south,-0.9932289375895632,1,1.0,-1.152205723946345
blue,large,west,0.8316403415200282,0,1.0,1.520977315045546
green,medium,north,2.8738485592225573,1,1.0,2.860937297003713
blue,small,east,-0.5028802338412175,1,1.0,0.06176469867868384
blue,small,south,-0.784977343461131,1,1.0,-2.597189402417146
blue,small,west,-0.09831718821215626,1,1.0,0.24047408522489674
blue,medium,north,-1.5232591454888524,1,1.0,1.3129821908695285
green,large,west,-1.2374495851767717,0,1.0,1.5483289439667722
green,medium,west,2.7524143017158607,0,1.0,0.17678635039796098
blue,medium,north,-1.6456965833958548,0,1.0,0.06753776134065542
red,large,south,0.8422932331887034,1,1.0,0.9958663768005729
blue,large,west,0.15365679233771604,1,1.0,2.321685241888591
green,medium,east,0.6987535327012964,0,1.0,-0.1859623851681232
blue,medium,east,0.567946279105617,1,1.0,1.1187983840679872
blue,large,west,1.3933593143559193,1,1.0,1.9678223884663508
red,small,north,-0.5429741160422223,1,1.0,2.5391953834123977
blue,medium,north,-1.7964262138799159,0,1.0,1.1826247510378574
red,small,west,0.32543296570192454,1,1.0,2.2342583118687114
red,large,west,-1.1312249961417302,1,1.0,2.767868677285354
red,large,west,1.2154399575699608,0,1.0,1.927250791206724
red,small,west,0.7018066239110857,1,1.0,2.456387510572891
green,large,west,-1.4600418671211617,1,1.0,0.23908074916791494
green,large,east,0.7489153380820394,1,1.0,-0.18546656224182484
blue,large,south,0.32775135093910673,1,1.0,-1.7827109813433728
blue,small,east,-0.46829900812502867,0,1.0,-0.4535062774702884
red,large,south,1.0892806110731912,0,1.0,0.8475636469581015
red,small,west,0.7355707951176934,1,1.0,2.5011886655281073
red,medium,east,-0.41462448977585803,0,1.0,0.6260164268972016
blue,medium,east,1.6953048065860628,0,1.0,0.5519873697377524
red,small,east,1.1839395970013629,1,1.0,2.0474134415925973
blue,small,south,0.7398398149556445,0,1.0,-1.3922053201886553
blue,small,north,0.7261619994995748,0,1.0,-0.022252480323112823
blue,small,east,-0.5198551213350158,1,1.0,-0.5725255771406326
green,large,north,0.6616645495402528,0,1.0,3.6695264464286423
green,medium,east,0.6998548474898546,1,1.0,-0.6843533197422647
red,large,east,-0.8628931390317938,1,1.0,2.37408829632015
blue,small,west,-0.07813152100555405,1,1.0,1.2972539034569524
blue,large,north,-0.4518904990649817,1,1.0,4.268312466886633
blue,medium,south,0.5206697270880705,1,1.0,-0.868750000213848
green,large,south,-0.00603688773780924,1,1.0,-2.230545583715765
red,medium,west,1.4078291520602195,1,1.0,2.6976771363128695
green,small,east,0.760777438531217,0,1.0,-0.9041672880319578
red,large,south,-0.5094879811016593,0,1.0,0.2492564409873968
blue,small,north,0.2357871000377718,1,1.0,0.9570651217074336
red,large,west,0.5373731290377088,0,1.0,1.174725412020481
blue,small,east,0.45572807135077564,1,1.0,-0.4571114257398598
red,large,south,-0.20618507456092758,1,1.0,0.5094479746715719
green,large,south,-0.3736393154270793,1,1.0,-0.8873570321993942
red,medium,south,-0.5826651362793736,0,1.0,-0.02552167381724546
blue,medium,south,-1.1315129453642052,1,1.0,-2.2035690197130737
blue,medium,south,0.8554940267073008,0,1.0,-0.6831543792606878
blue,medium,east,-0.6803280100526035,1,1.0,0.6809572029703359
green,large,west,-0.7938884940048211,0,1.0,0.8929587033886607
red,small,west,-0.2702707737597307,0,1.0,-1.3168346713755734
red,large,north,1.377300899671609,1,1.0,6.201656799201946
blue,small,south,-1.2094216971779415,1,1.0,-3.4012868784352017
blue,large,south,0.11578859362770856,0,1.0,0.02644553470320593
red,medium,east,-1.7758108340356766,1,1.0,1.2550480208984645
blue,medium,east,-0.6818770202168161,0,1.0,-0.8975642094183133
red,small,north,-1.3816751422518359,1,1.0,2.359589310959487
red,medium,east,0.7385729209501319,0,1.0,0.7030526690104727
red,large,east,1.0082365438438112,0,1.0,0.8949030713869245
green,medium,west,0.4417132266821107,1,1.0,-0.6661045223179931
red,medium,west,-0.02201111214495056,0,1.0,0.8757622056234767
red,small,north,0.43721564740380375,0,1.0,0.2916272597967551
red,medium,west,1.4666517667126353,0,1.0,0.46695923461524624
blue,medium,west,-1.059899320445777,0,1.0,0.6428842122741776
green,small,west,0.7046784418378667,1,1.0,-1.1286744134236324
blue,small,east,0.9087244475553349,1,1.0,0.05663928897373499
blue,large,west,0.9741210208860734,0,1.0,2.0838599984838204
blue,large,north,1.7846111259441917,1,1.0,4.0353758866443785
blue,large,west,-0.9867423613397964,0,1.0,1.5641459974233367
red,large,north,-0.7732051397036054,1,1.0,5.722473944873858
blue,large,east,-1.1014111226229166,0,1.0,0.42290320101235396
green,large,east,-0.37711087185788933,1,1.0,-0.34291865174961167
red,small,west,0.9573350157182718,0,1.0,-1.2895057189231893
blue,small,west,-1.0727476881307638,1,1.0,0.13292922919674985
blue,small,east,-0.010021540051034974,0,1.0,-0.7086784046926873
green,large,west,-0.783344474038927,0,1.0,1.4108715953221578
red,small,west,-0.41279727203433947,1,1.0,1.982825749792739
green,large,north,1.6937573997991997,0,1.0,2.7996151844306616
green,medium,east,-2.566720925998119,1,1.0,-2.34862350586333
blue,medium,west,0.7988719186196009,1,1.0,1.2772464892648416
green,large,south,-1.998704506399868,1,1.0,-2.3843297350378636
red,small,west,0.8470643139070471,0,1.0,-1.0923928570199448
red,small,west,0.12183844405377685,0,1.0,0.6165787123519673
red,large,west,0.051011239956036965,0,1.0,1.1602397349430422
green,small,north,0.20157132088421179,1,1.0,-0.07660528739339934
blue,large,south,-1.1210085261337106,0,1.0,-0.5389711899025931
green,small,west,-0.5387126043563065,0,1.0,-1.8048128589804326
blue,large,west,0.5890622181742718,1,1.0,2.5960617868913936
green,medium,north,0.005367741982304774,1,1.0,0.9657513736592083
green,medium,east,1.3889115202916897,0,1.0,0.3909866710262728
blue,small,north,0.49100438857027,1,1.0,1.6725819269216422
red,small,north,0.22760200115239398,0,1.0,0.11561741901590367
red,medium,north,0.9058767495093305,1,1.0,5.650276748235216
blue,medium,east,0.38379991282258225,1,1.0,0.5219903821403102
green,medium,east,-0.5947999564340796,1,1.0,-1.1664809135203953
blue,large,east,-0.15931476197964092,0,1.0,0.44589851174670614
green,large,west,-2.2718132953713237,0,1.0,0.5072488245599547
green,large,west,-0.24343339347599746,0,1.0,0.6138862862587119
green,large,east,-0.28888904198036125,1,1.0,-0.37276436867136065
blue,small,west,2.4285257836077383,0,1.0,0.2569975755089382
red,small,north,-0.6040834128172247,0,1.0,-0.2162733013191851
blue,medium,north,0.989694480377538,1,1.0,3.0614419076412354
green,large,south,1.1636431397410096,1,1.0,-1.494700732425537
green,small,west,-0.9858230998868804,1,1.0,-1.3761641941067704
red,small,north,-1.608572786769925,1,1.0,1.9576703903224657
green,small,south,-0.09536996096801775,1,1.0,-3.870612731305169
green,small,south,-1.1655258900523693,0,1.0,-2.4114273735088694
red,small,south,1.019378111619746,0,1.0,-1.4133362434328796
red,large,north,-0.07537496957882572,0,1.0,1.2268826861530622
green,small,west,0.32024366668206916,1,1.0,-1.8839530535191462
green,small,east,1.1269615044270966,0,1.0,-0.5331034295525208
red,medium,south,2.013036505234069,0,1.0,-0.36577479080101316
green,small,north,0.4324693577874703,1,1.0,-0.24589418927030104
red,large,north,-1.242347921120189,1,1.0,4.029002825817289
green,medium,west,1.2520232900580712,1,1.0,-0.07664415637394487
blue,large,south,-1.5967531999438336,1,1.0,-1.3999064782248842
red,small,west,0.9911192664669494,0,1.0,-0.7275872816686301
blue,small,south,0.3035366405600694,1,1.0,-2.929375134038197
green,small,north,-0.9813956956357522,1,1.0,6.736026681618407E-4
blue,medium,east,0.7501387982898948,0,1.0,0.848607626709464
green,medium,south,1.159968326662966,1,1.0,-3.8118622797551374
blue,medium,west,0.09649445989547942,1,1.0,1.4602095246594256
green,small,west,0.7899514521688814,1,1.0,-1.1084292693226865
red,small,east,-0.9908910240320553,1,1.0,1.1966631302739363
green,large,east,-0.7201591711560652,1,1.0,-0.45850005393532556
green,small,north,-0.8891681763413346,1,1.0,-0.14667215097684627
green,medium,south,1.3036674012969656,0,1.0,-0.5448515810499491
green,large,north,-0.7037273180614462,0,1.0,2.4731670504901886
blue,small,east,0.2882856446740936,0,1.0,-2.1051671628322732
green,small,west,0.08739609051660718,1,1.0,-1.4729389021582568
green,large,south,0.525988023976203,0,1.0,1.6359357783133588
blue,large,west,0.49717725968120063,0,1.0,1.5577144615717067
green,small,south,-1.5454786439997266,0,1.0,-2.6942185310489863
green,large,north,-0.13495930085799904,0,1.0,0.9096840198455263
red,large,west,-0.6531570473368528,1,1.0,2.5909631251450342
blue,medium,south,-1.0808395741456143,1,1.0,-2.8692994209544684
red,small,north,1.1471989445666033,1,1.0,4.230179219493371
blue,large,south,-0.04345427901501966,1,1.0,-1.3643911583206867
blue,small,west,-1.7345823934270184,0,1.0,-1.823218655250265
red,medium,north,-0.7210890742165703,1,1.0,4.40461748637067
red,large,east,-0.5202293625160581,1,1.0,1.821405415806365
red,small,south,0.5191708031997638,1,1.0,-1.0181265289926393
red,large,east,-0.10221311364122258,1,1.0,2.47512086299517
green,medium,west,1.533422437673231,1,1.0,1.0484045403952955
blue,medium,north,1.351815005802304,1,1.0,3.1498114151336556
green,small,north,0.7695976836184709,1,1.0,-0.19373624735928108
green,small,west,-0.3926630669279726,1,1.0,-1.3089604485373225
green,small,east,-1.3078449944773862,0,1.0,-2.0378911466072296
green,medium,east,1.6160437890703934,1,1.0,-0.6714388749077774
blue,small,east,-0.054099578219448656,0,1.0,-0.507289379490302
red,medium,west,-0.3444401923356838,0,1.0,-0.08879191449104579
red,large,east,-0.4131327266414135,1,1.0,2.76534883335822
green,medium,north,-0.23183931588105347,1,1.0,1.5881024819804863
red,large,north,0.41811421051620723,0,1.0,2.0532047575587415
green,small,east,1.3684483406183263,1,1.0,-1.1251768557588544
green,large,east,-1.6514664698458508,0,1.0,-0.08976758506698079
red,small,west,1.181180098093402,1,1.0,2.4960495345156057
green,large,north,0.08156556905055252,0,1.0,1.6485573545121548
red,large,east,-0.043992865538552306,1,1.0,3.15419522289648
blue,large,north,-0.1944187450789705,0,1.0,1.9092526808661476
blue,large,west,-0.014293215665004966,0,1.0,1.9826580579976498
red,small,west,-0.06021362626596465,0,1.0,-0.7068844344013208
red,small,west,1.2135395214859872,0,1.0,-0.78030456430803
blue,small,west,1.7361370601753692,0,1.0,-0.2376618013562424
green,small,south,0.4295613935733902,1,1.0,-4.512754615741732
red,large,south,0.22221045891253183,1,1.0,0.9569842903690642
blue,medium,west,2.1426471924833077,0,1.0,1.25701166818369
red,large,north,1.142696205661169,1,1.0,5.249067825163089
red,large,east,0.4644676576951439,0,1.0,1.4340522206339563
red,small,north,-0.6202866042019429,1,1.0,2.882672226950972
green,small,north,-0.6837311798326775,1,1.0,0.09296810699113067
blue,medium,north,-1.5989765543846366,1,1.0,1.579767726995581
green,large,west,-1.3892089881639271,0,1.0,0.6685417509207092
red,small,east,0.4823866682409825,0,1.0,0.3023272819413316
green,large,north,0.24396971251319674,1,1.0,2.427265947694432
blue,medium,east,-0.06372875932518779,0,1.0,0.701755407120695
red,medium,west,-0.793876483276269,0,1.0,0.2032301848800423
green,small,east,1.8840784177226901,1,1.0,-1.48820819002215
green,medium,north,-1.3416051406329499,0,1.0,-0.4020751131886112
green,large,south,0.7355255339575341,1,1.0,-2.0629906987473277
blue,medium,east,1.4081228926635476,0,1.0,-0.2955667482027334
red,large,east,0.01292597613311277,0,1.0,1.7718116473180006
red,small,south,0.6055874542534943,0,1.0,-1.7976412662191237
green,large,west,-0.07392143356262638,0,1.0,1.2148105317438262
blue,large,south,1.3219993659718319,1,1.0,0.41279356410076073
green,medium,north,-0.7731887291682766,1,1.0,0.6314366966241549
blue,medium,south,1.148321746340324,0,1.0,-1.4328756972002374
blue,small,west,0.5900645340441224,0,1.0,-0.6808279098097045
blue,medium,east,1.4579034478583,1,1.0,0.9448370302252468
red,large,east,0.004219094171295861,1,1.0,3.1258530695019013
green,large,east,0.01886139723186705,1,1.0,-0.20821655423677682
green,small,south,-0.973976354367039,0,1.0,-2.199176891040168
blue,large,north,-1.0492671953818384,1,1.0,3.21939257093917
blue,large,west,-0.5435044369676205,1,1.0,2.0360346172777883
green,large,north,0.9055503469913438,0,1.0,1.8387728753964057
green,medium,north,-1.5256268241663065,0,1.0,-0.06976313333089507
green,medium,south,0.6073936897735978,1,1.0,-3.6568970923389905
red,medium,north,-0.775077552312362,0,1.0,0.342818040356697
green,medium,south,-0.47593257255333576,1,1.0,-3.099123235462658
blue,small,west,1.1815582953450554,1,1.0,1.7815167028910497
green,large,north,1.061942450491705,0,1.0,1.9799056385678055
green,large,west,0.47038121981596265,0,1.0,2.532304132147425
red,large,west,-0.019603804597458082,1,1.0,3.630763722302626
red,large,north,1.1961619690942962,0,1.0,2.282451002869248
green,medium,west,0.45185218520367504,1,1.0,0.3067484075456057
red,large,south,1.442720539502935,1,1.0,1.420422030738888
red,large,west,0.5985352463174177,1,1.0,4.291963345081329
green,medium,south,-1.4629390858646913,0,1.0,-0.7923223663785105
blue,small,east,-0.8197447718011012,0,1.0,-0.31182352092787424
red,large,south,0.6155453564327156,1,1.0,0.8601227456301972
blue,medium,east,0.6860532074564246,0,1.0,0.1888463935750852
green,medium,east,-0.9373401600387498,1,1.0,-0.9795511106206722
green,small,west,0.5106257587393358,0,1.0,-0.4232980221395746
red,medium,east,-1.0230854680570067,1,1.0,1.5707523691800296
blue,medium,west,-0.937829045530845,1,1.0,0.6420122868658398
red,small,east,1.0737036053396323,0,1.0,-0.7251054226738519
red,medium,south,-1.1793844281594419,0,1.0,-0.5985903177591951
blue,large,south,0.2039924654823742,1,1.0,-1.4232088590394087
green,large,east,-2.188986463168046,0,1.0,-0.8399534587812868
blue,large,north,-0.0546454989518946,1,1.0,3.3192656050874274
red,large,north,0.07614077435550559,0,1.0,1.9280307295584125
blue,large,south,-0.877462290608484,1,1.0,-0.15492852685101488
green,large,south,-0.7689304668386726,1,1.0,-3.379513946233131
green,large,west,0.062386380770889004,0,1.0,0.5352415010016356
red,large,west,0.5532375484519273,0,1.0,1.1316071024177958
red,medium,west,0.2080885513481064,1,1.0,2.6742973289311243
green,medium,west,-0.8746531860745405,0,1.0,-0.45811103726278474
green,medium,south,1.5000072700289793,1,1.0,-2.9655528407042846
green,small,north,0.10528813593871554,1,1.0,0.599120129104423
blue,small,south,0.052056351515235744,0,1.0,-1.9278677616440323
green,small,north,-0.47805464574223117,0,1.0,0.39835277781455414
green,small,east,0.3246193052567387,1,1.0,-1.2456707754544991
green,large,east,-1.797979519717002,0,1.0,0.1061346462849464
blue,medium,west,2.996034297419614,1,1.0,1.9286703981621007
green,small,east,0.40367414322110096,0,1.0,-0.11896685775900395
blue,large,south,0.9240254502047577,0,1.0,0.4736365740811773
blue,large,east,-2.2772002677496963,1,1.0,1.2097790231481755
blue,large,west,-0.7056106689726158,1,1.0,2.475712673012271
blue,medium,east,-1.175964799794009,1,1.0,0.5206264013321762
red,small,south,0.2215634739368195,0,1.0,-1.560870282230948
green,medium,south,0.9752380221689098,1,1.0,-3.295544580787714
red,large,north,-2.375053616316511,1,1.0,4.0583798531900745
red,small,north,0.2165895529095216,0,1.0,-0.6324023031271779
green,large,east,-1.3249594072336341,0,1.0,0.9680033825045025
green,medium,east,1.4392833203128925,1,1.0,-0.1630236273330905
blue,medium,west,2.7571747979540553,1,1.0,1.6310555733362233
blue,small,south,-0.010167928300699909,1,1.0,-2.022680075859275
blue,large,east,-0.06305947679755845,0,1.0,0.3926795688986713
red,small,south,-0.4572817686833214,1,1.0,-1.4578152639903472
green,small,south,1.1012874600076614,1,1.0,-4.017674476300109
blue,medium,south,0.16311541834775925,0,1.0,-1.3458324460011917
green,small,south,-0.19322119190186798,1,1.0,-4.032356914288622
blue,large,south,-0.36460757138271344,0,1.0,-0.13989842244226824
green,large,east,1.8012039684072043,1,1.0,0.9079861115687494
green,small,west,-0.43575281663761267,0,1.0,-0.9573000529600965
blue,small,south,1.3068479290380441,0,1.0,-0.34444746738552623
green,large,north,0.27660633675866136,1,1.0,1.6477800425796874
red,large,north,-0.7013954432679687,0,1.0,0.6548726464589676
red,large,west,-0.30608996583076375,0,1.0,1.502672292461295
red,medium,east,0.6276954963573724,1,1.0,3.257001884593568
red,small,south,-0.1335592436447551,1,1.0,-1.2165142808924145
blue,small,west,-0.5803910328593737,1,1.0,-1.5169315084016688
green,small,south,0.03357958532920598,1,1.0,-4.076892978672003
green,large,south,0.764533679883742,1,1.0,-1.4809015395177931
blue,medium,west,0.1589460136727127,0,1.0,0.0062264329204229085
green,small,east,-0.7592799560948265,0,1.0,-0.5688435422127683
red,medium,east,1.8988769001966117,1,1.0,1.6674885090525158
blue,small,south,0.9173684746962145,0,1.0,-0.9815464857102748
red,small,north,-0.46567025892595615,0,1.0,-0.8493095368924684
blue,small,south,1.0841450404479962,0,1.0,-1.6858501343399146
blue,medium,west,-0.13654995670101613,0,1.0,0.1408165375754937
blue,small,north,-1.6413756531450303,0,1.0,-1.626292496463996
blue,large,north,-0.39141707428351863,0,1.0,1.9199993433123388
blue,large,east,1.0454141893565354,0,1.0,1.8544201887201435
red,small,south,-0.2717003255004465,1,1.0,-1.2603981842562835
blue,large,south,-1.2619976905717156,0,1.0,-0.5054560704746789
blue,small,north,0.7534136408899871,1,1.0,2.0656176530866834
blue,small,east,0.5374409747366575,1,1.0,-0.8111562894456321
blue,large,south,-1.3828974464291943,0,1.0,-0.2154066482701798
red,medium,north,0.1555805356229475,0,1.0,0.7223555535991529
green,large,south,-0.7937471057647432,1,1.0,-2.9554202073680345
blue,medium,east,1.3703712376619752,1,1.0,0.7749507524453185
blue,small,south,1.244453347002023,0,1.0,-0.33822002918196614
red,medium,north,1.3133727837661997,1,1.0,4.151195274599224
red,small,west,0.014334390405898621,0,1.0,-0.7658983646690768
blue,small,north,0.8361430417508234,1,1.0,1.8117270620513108
red,small,west,1.0668391981386318,0,1.0,0.8672850657470472
blue,small,east,-0.046419046474397624,1,1.0,-0.49228525688217134
green,large,east,0.8999797193199188,0,1.0,1.7055023604467276
red,small,east,-0.18864570949196802,1,1.0,0.6360223956877352
green,large,north,1.4147704052632055,0,1.0,2.467946713674598
green,large,north,-1.3889313485180161,1,1.0,1.5315346958786393
red,small,east,0.9195807331523281,1,1.0,0.48153051548061865
red,medium,north,1.3997774287676414,1,1.0,4.3499952369590975
red,large,north,-0.9964046999550995,1,1.0,5.709653685746149
blue,small,north,-0.5682522069948817,0,1.0,-0.16689666442956513
green,small,west,0.5174213934494367,1,1.0,-0.59314165598015
blue,large,north,-0.3489693338085779,1,1.0,4.462121475519996
red,small,east,0.6147023105878255,0,1.0,-0.20573988614553107
blue,medium,north,-0.24947840708199026,1,1.0,2.5766276480065566
red,medium,east,0.7641591882045705,0,1.0,1.2667710281604605
red,small,north,-1.1968982335567369,1,1.0,2.022106954467548
red,medium,west,1.2207025733245318,0,1.0,1.0494768626051734
green,medium,east,-0.4165958446224937,1,1.0,-1.1175564981727564
blue,large,south,-0.48891126136281643,0,1.0,-1.032810857231941
green,large,north,1.638342873806275,1,1.0,3.1269229058690713
green,large,west,-1.560383666874661,0,1.0,1.1806797724128109
red,small,south,1.3810611198252558,1,1.0,-1.333723291971769
blue,small,west,0.002244159888823835,0,1.0,-0.9145734727973454
blue,large,south,0.2849556027327158,1,1.0,-1.0031992609617102
green,small,east,-0.8681993375911436,0,1.0,-1.2215932259695645
blue,medium,east,0.2812530931277653,1,1.0,0.22937491977668611
red,large,west,-0.8386652888878025,0,1.0,1.4696217961651818
blue,small,south,-1.0021981717854536,1,1.0,-3.1966248475208654
blue,large,east,-0.5104752473135239,1,1.0,0.7714932973088072
green,large,east,-1.9182614318674158,0,1.0,0.47485034467046494
red,small,north,0.08557297137080615,0,1.0,-0.39151100092389224
red,large,west,-0.4428702296468646,1,1.0,3.4422398502457656
green,large,east,-0.9724629029178828,1,1.0,0.458534956383446
blue,large,east,1.167088075679283,0,1.0,1.3189300503912558
blue,medium,south,0.8430375380945744,0,1.0,-1.2694972075482955
blue,large,west,0.623393507128639,1,1.0,2.0603984358950593
blue,medium,south,0.1617439353129725,1,1.0,-2.030254696871364
green,medium,south,1.0454549769961592,0,1.0,-1.087186104874711
blue,small,east,0.06073825280578684,0,1.0,-0.7204846770131135
blue,large,south,-1.5541833328942873,0,1.0,-1.1603481709250016
blue,large,north,-0.6939060674230396,1,1.0,3.3509582454960785
red,medium,north,-1.4644935862797352,0,1.0,0.3397621913678517
red,large,west,-1.907380046976902,0,1.0,0.9472819855163959
green,medium,south,0.6597212144872813,0,1.0,-1.1081517714640627
red,large,north,1.3400700500569367,1,1.0,6.5951225509704425
blue,small,east,-1.511918264764727,1,1.0,-1.5927827200856954
red,large,east,-0.10878193836907743,0,1.0,2.50472645382205
green,large,south,-0.5428325403750222,0,1.0,0.32100274046786226
blue,small,south,1.1912269716044663,0,1.0,-0.8432513874719005
red,small,east,0.5109467259551281,1,1.0,1.2608709725818863
red,large,west,-0.8680534521232164,1,1.0,3.749221477906424
blue,medium,north,0.6898963156745568,0,1.0,0.35741268566059503
blue,medium,east,-0.056476270186847415,1,1.0,0.5611807089912492
red,medium,south,0.1339705389818359,1,1.0,-0.7439268506437846
red,small,west,0.709955338230402,1,1.0,2.5247645702946997
red,small,west,1.4147730485698187,1,1.0,2.4877453455443264
blue,medium,north,0.5672408175392879,1,1.0,2.550344817356605
blue,small,east,1.7593352841544325,1,1.0,1.1175609242339553
green,large,west,1.0450343667726656,1,1.0,0.0997666979566969
red,medium,west,1.0463259125565147,0,1.0,0.12924678775102427
blue,large,north,-0.41817211522597914,1,1.0,3.599112889612436
blue,large,west,-0.7365524184814205,1,1.0,1.4027288826476176
blue,small,north,-0.7319295449690723,1,1.0,1.8716406042095062
blue,large,north,-1.7173786336373082,0,1.0,1.659159564205742
blue,large,north,0.14217084927113974,0,1.0,2.3151349760159547
red,small,north,0.8454648039830412,0,1.0,0.08455748247325344
red,large,north,0.7189439933280163,1,1.0,6.401359080283579
red,large,north,0.13903601906870366,0,1.0,1.5766267872709332
red,small,north,-1.2564759986368026,0,1.0,-0.10916952823534054
red,large,east,-0.895767322813271,0,1.0,0.3962808131333205
red,small,west,1.0695719654925937,0,1.0,0.23600327553264255
green,small,south,1.113531705643992,1,1.0,-3.3239706307783505
green,large,south,0.2706717436516149,0,1.0,0.3267660001298508
green,small,south,0.3694992973591563,0,1.0,-1.7897782668041524
green,large,east,0.5448714915411302,1,1.0,-1.1539928168506268
red,small,east,-0.08851267103843595,0,1.0,-0.06630432225510963
blue,large,north,-2.2804718501400028,0,1.0,1.1333753952655694
red,medium,south,-0.3550437003303276,1,1.0,-0.8349743937192537
green,medium,west,-0.09233726733805718,0,1.0,0.0743379541749972
red,large,south,-0.8484972616909979,0,1.0,-0.1324964981726031
green,medium,south,-1.4504028606273975,0,1.0,-1.2330049651950714
green,large,east,1.9973077654060982,1,1.0,1.675952011169342
green,small,south,-0.7738533019312968,0,1.0,-1.4230109013372998
blue,medium,east,-0.4888849834316954,1,1.0,0.8583890581712522
red,medium,east,-0.7494044252135647,0,1.0,-0.12565032326792883
red,large,north,-0.5355421647996658,1,1.0,5.151504947736937
blue,medium,north,0.49801748307761373,1,1.0,3.054555228847695
blue,medium,south,0.3987963382961282,1,1.0,-1.5793144223249627
green,large,east,-0.8154264346449482,1,1.0,-0.0780953200475206
blue,medium,south,-0.11042340125125955,1,1.0,-2.9011341038675678
red,large,south,-0.5795850226179877,1,1.0,2.018726981180677
red,small,south,-0.6551363403110376,1,1.0,-0.7754346173734852
green,small,north,-0.2652553098675065,1,1.0,0.6425739897670553
green,medium,south,1.2183108404993888,0,1.0,-1.3747985282859272
red,medium,north,0.09420195059337991,0,1.0,0.5741314196526077
red,large,north,0.7927323876556344,0,1.0,1.484836877914506
red,large,south,-0.10822102568259495,0,1.0,1.2419768534317088
green,small,east,0.6901805987793513,0,1.0,-0.41824356905919474
green,large,south,-0.570021617150981,0,1.0,0.37002801335133173
green,medium,east,2.8491838514959213,1,1.0,-0.05062010326673247
green,small,west,-0.5791667800778669,1,1.0,-0.39213190535110654
red,large,south,-0.2261385474537202,0,1.0,0.2955134348455206
green,small,east,2.233140020746647,1,1.0,-0.6856149675391012
red,medium,west,-0.6894320087287585,0,1.0,0.29949009803364934
green,small,south,0.9451438320859521,1,1.0,-3.886691897293178
green,medium,south,-0.04424282489220636,1,1.0,-2.4541764597204083
red,medium,west,1.0172122198309665,0,1.0,0.9320838820939514
green,medium,south,-0.33025166017464064,1,1.0,-2.596461153099889
green,small,east,-0.33802872859126937,1,1.0,-1.9100655504893462
blue,large,north,0.5366178709802609,1,1.0,3.888322797567707
red,medium,north,-0.006840294057446861,1,1.0,4.947847185433882
blue,small,east,0.002350516073033839,0,1.0,-1.045440959184772
green,medium,south,-0.07329369226292101,1,1.0,-3.349890595857879
red,small,north,1.7850927748069156,0,1.0,-0.16273098546453335
blue,medium,south,0.274542251406668,1,1.0,-2.331573204079975
red,medium,east,-0.12062518080327522,0,1.0,0.7638775206887877
blue,large,west,-0.98027438265517,0,1.0,0.2408353413982104
green,medium,north,-1.3357676992704368,0,1.0,1.8285295341438557
green,large,south,0.046288007602053066,1,1.0,-2.1796624568242353
red,small,west,0.003179786762838793,1,1.0,1.392764198293746
green,small,south,2.8807155871100245,0,1.0,-0.4238503225151561
green,medium,west,1.4132323251419394,1,1.0,0.5836491534765287
green,medium,east,0.24464772658312958,1,1.0,-0.9068433719337647
green,medium,north,0.16261735169246366,0,1.0,0.8823188111044201
green,large,east,-1.1532722037866723,1,1.0,0.27517214968550874
blue,medium,east,0.8469026570796099,0,1.0,0.4499110603396339
blue,medium,north,-0.8205405453744272,0,1.0,-0.0919187727521954
red,small,west,1.2234583630839866,1,1.0,2.5540039829933825
blue,medium,east,0.5769105647445623,0,1.0,0.06533522789291366
blue,medium,east,-0.7739764700430365,0,1.0,0.29348857543728873
red,medium,south,1.2566672014770202,0,1.0,-0.31058780983619416
red,small,south,-2.173410171938955,1,1.0,-2.2026760189060473
blue,medium,south,-0.35840556234402277,0,1.0,-1.073414652085663
blue,large,west,0.223655864691585,0,1.0,0.7262364074859412
green,large,east,0.457040675932511,1,1.0,0.19543044033802925
red,small,north,0.6333253160920609,1,1.0,2.728036432557015
red,medium,south,1.8259310731962328,1,1.0,0.8643226375302356
green,small,west,-1.1401857736703316,1,1.0,-1.641881110685108
green,large,south,0.4139276091908953,0,1.0,1.2758323380351482
green,medium,south,0.5178401720450966,1,1.0,-3.801723614927682
red,large,east,0.04199180164020058,1,1.0,3.180025543502458
green,small,west,0.5869767875419617,0,1.0,-1.0507828371009358
blue,large,south,0.38156828936771164,1,1.0,-0.3706578990827449
red,large,north,-2.087549576105052,1,1.0,4.13235232435115
green,small,north,-0.499374814705634,0,1.0,-0.9244047038883644
blue,medium,north,-0.5966761874885598,1,1.0,2.7392889835886347
green,large,west,-1.719132153213721,1,1.0,0.6876601430959317
red,medium,east,0.12057200695051717,0,1.0,0.336497015434938
red,medium,north,-0.25845239591042535,1,1.0,4.772443651128981
blue,medium,west,-0.006307925024553158,0,1.0,0.7610555337047561
red,small,east,-0.7658743312292565,0,1.0,-0.7498481800046853
blue,small,east,-0.1947664012818634,0,1.0,-0.24035385866904502
green,medium,south,1.4996415681142141,1,1.0,-1.9747639723710866
blue,large,east,-0.47076392692267394,0,1.0,1.2276436094212209
blue,large,east,-0.15461294007834844,0,1.0,1.2405205108566402
red,small,south,0.6731673632951489,0,1.0,-2.432407246874668
blue,small,east,-2.418830850013588,0,1.0,-1.8091626397191198
red,small,east,-0.9108800974005022,0,1.0,-1.2742669276608662
green,small,south,-0.83303113298802,0,1.0,-2.2918948552804026
red,medium,north,-0.7150026995545145,0,1.0,-0.08919631431586528
red,small,north,-0.6763117217197168,1,1.0,2.4835644773418575
green,medium,east,-1.2427411568860134,0,1.0,-0.7033461335092149
blue,medium,east,0.5135550606320097,1,1.0,0.35256869953449355
green,large,east,0.10265269759598006,0,1.0,1.938739946063892
blue,small,south,-0.03446021693615775,0,1.0,-0.8496042650871947
blue,large,west,-0.7367345650149898,1,1.0,1.6935272344377383
green,large,east,1.0873575906865185,1,1.0,-0.23868249576739098
green,medium,south,-0.16601028282899066,0,1.0,-0.7740189625475292
green,small,south,0.7049609615025513,1,1.0,-3.9173114929151005
green,small,west,-2.134887281749175,0,1.0,-1.4845651494309835
red,large,west,0.14494700914559983,0,1.0,1.6423088046602075
green,medium,south,0.8949117862968029,1,1.0,-3.68173814207006
blue,large,south,0.8221185456441598,0,1.0,-0.5136490290692663
blue,medium,north,0.10175499875866624,0,1.0,0.8364322243276984
blue,medium,east,-0.3043033885593115,0,1.0,-0.9708855206618698
blue,medium,south,0.9455793395837122,1,1.0,-1.4444859815933548
blue,large,south,-0.5651632132067551,0,1.0,-0.11034399715737164
blue,medium,north,0.11011063780250442,0,1.0,1.5159852229297042
blue,small,south,1.0984083895818344,0,1.0,-1.0045838536373695
blue,large,east,0.8823418588794274,0,1.0,0.9487724734815173
red,large,north,-0.30422642903879576,1,1.0,5.610905790030723
red,large,south,-0.6987291621275685,0,1.0,0.13892012701263678
green,medium,north,-0.729334475514588,1,1.0,2.504186997605334
red,small,south,0.6007104784222573,1,1.0,-0.7084470708703412
blue,medium,east,0.14305672403767725,1,1.0,1.8812048573649567
green,medium,north,1.7856854674760008,0,1.0,1.0951284753811972
red,large,south,-0.9446782989199064,0,1.0,-0.43785632468927893
blue,large,south,1.1858694540580108,1,1.0,-0.16483619378440606
blue,small,north,-0.15552098067659145,0,1.0,-0.2529966663993651
blue,medium,east,-1.9586557558134503,1,1.0,-0.4189230224147512
blue,large,east,0.393563153437109,0,1.0,0.4931773291389203
red,large,north,0.6955520186686887,0,1.0,1.5997725393749431
red,small,east,-0.3217793718297242,0,1.0,-1.7254259842256006
blue,medium,north,0.21292164478285247,0,1.0,1.4357796149533528
green,large,south,0.2520769678293232,1,1.0,-2.9199450981072164
blue,medium,west,-0.07625372283501311,0,1.0,0.4236402910621444
blue,small,south,-0.2906904508813139,0,1.0,-1.1773542449328136
red,large,south,1.3890045127186947,1,1.0,1.6899540635699002
red,medium,south,0.39031454656498693,1,1.0,0.02261890641997613
green,medium,north,0.04749885831351111,0,1.0,0.9780182188769648
blue,small,west,-0.860937633970154,0,1.0,-0.23857468381136804
green,large,north,1.1013826715350186,1,1.0,3.7251327326699273
green,medium,east,-0.0740128615954962,1,1.0,-0.7813556346744408
red,medium,west,-0.16149534194923332,0,1.0,0.057711075799889516
blue,small,west,-0.3762337995021047,1,1.0,0.42746209276980096
green,small,east,-0.7316039237397481,1,1.0,-3.0625101685264777
green,medium,south,0.2111548757819845,1,1.0,-3.25626251370176
green,small,east,0.25530815045836114,0,1.0,-0.8690822584519589
green,medium,north,1.5704853932971636,1,1.0,2.184738007121274
green,small,west,-0.6911748959016079,1,1.0,-2.383816258459615
red,medium,north,-0.028878736578299948,0,1.0,0.3914194860279743
red,medium,south,0.0027166303263271444,1,1.0,0.9458541862076548
blue,medium,south,0.8525464581472892,0,1.0,-0.6560918357943704
red,large,east,1.4127071304811947,0,1.0,1.8451840740500984
blue,small,west,-0.3769267831099421,1,1.0,0.6111923431705939
blue,medium,east,-0.7502847834838028,1,1.0,1.4847630721035712
blue,large,west,-0.5241654848999134,0,1.0,1.3980746985555157
red,large,north,1.5860251707768431,0,1.0,2.512750919629025
red,medium,south,1.1969232610306497,1,1.0,0.3863661958487591
blue,medium,south,-0.3443989871393785,0,1.0,-1.907964999296766
green,medium,west,0.46530890794435553,0,1.0,0.6092536682290226
red,medium,south,-1.1060329251652437,1,1.0,0.3377748113687834
green,small,north,-1.1634258756286893,1,1.0,0.0888719146051872
blue,small,north,-1.2271167680832418,0,1.0,-1.512089377706356
blue,large,south,0.0038784776171423,1,1.0,-1.1482483784246904
green,small,west,-0.9234467018796527,0,1.0,-0.08768365101993125
blue,small,west,-1.8022174346785704,0,1.0,-1.5073445917247457
green,medium,east,2.081348827682455,0,1.0,1.0312777312569286
green,medium,south,0.6487545065868715,0,1.0,-1.2159734584089241
blue,small,west,1.2699839575467686,1,1.0,1.1720655519902667
red,medium,south,0.47300695600017667,1,1.0,-0.6081255020301143
green,medium,north,1.2042215317239806,1,1.0,1.5609876343746107
red,medium,east,0.6133311130251944,1,1.0,1.6784295571278893
red,small,south,0.06500531364355207,1,1.0,-1.3562463624120489
blue,small,south,-2.4827955446923076,1,1.0,-4.280505760755439
green,medium,east,1.363080549045623,0,1.0,0.7880802493434854
red,large,north,0.470172644095444,0,1.0,1.6134670020160105
green,large,north,1.9237621977208255,1,1.0,2.21903178258609
blue,small,west,-0.569594550690851,0,1.0,-1.4449723294820522
blue,medium,west,-1.790364398714434,0,1.0,-0.23641222708349718
green,small,west,0.39069754874138374,1,1.0,-1.0953908264471295
blue,medium,east,-0.6946415393524373,1,1.0,-0.7935700350361153
green,medium,west,1.1058085361526353,0,1.0,-0.2231365920165166
blue,small,south,0.15360365632341297,0,1.0,-1.7089602599839941
green,large,west,-0.06487111069097956,0,1.0,1.131164548720169
green,small,east,-0.49665495206283633,1,1.0,-2.6342044557667013
green,medium,north,0.3424112106633853,1,1.0,2.296635853545758
green,large,north,0.1731631675371555,0,1.0,1.8329606567540841
blue,medium,north,-1.816512791081562,0,1.0,1.2216170166929694
red,small,east,0.44633777271464026,0,1.0,-1.6764652825291915
green,large,south,1.011303132108062,0,1.0,1.1318367961056053
red,large,east,-0.016461940903513203,0,1.0,0.7459154597960516
green,medium,north,-0.48419258239644536,1,1.0,0.597477020376314
blue,medium,east,-1.3220315170749675,1,1.0,0.33592127999844174
blue,large,south,-0.14106801736672636,1,1.0,-0.38891196933867955
red,large,east,-0.7109782900237419,1,1.0,2.8632430648392533
red,small,south,-0.565351404663885,0,1.0,-1.8693689378315856
red,large,north,-1.097489205420773,0,1.0,1.4746012807300373
blue,medium,south,-0.7440581201992702,0,1.0,-0.5623722783562807
blue,medium,north,-0.5428248441393186,0,1.0,0.4133313306654597
blue,small,north,1.2894992942394978,1,1.0,2.157771281810206
blue,medium,north,2.0319967111510437,0,1.0,1.3289733487200959
blue,medium,east,0.44469572514862377,0,1.0,-0.23877303734988412
red,medium,west,-1.794976527211479,1,1.0,1.1608355164509125
red,small,east,0.6778640687279102,1,1.0,1.1046727719276312
blue,large,north,0.7609693120839996,0,1.0,1.6176805835740184
red,small,east,1.6100732621389493,1,1.0,1.0156188390392171
green,small,south,0.5514006393767418,0,1.0,-1.8889994014686882
green,large,west,0.3545055254473593,0,1.0,1.780775098325147
green,small,east,-0.8010670745924651,1,1.0,-1.7656169728600308
red,small,south,0.39470417565631344,1,1.0,-1.4015057773687856
green,medium,west,1.6361598691067356,1,1.0,0.7033486931187543
red,small,south,-0.20705500528264412,0,1.0,-1.1325693044328795
red,large,west,0.409197287965229,1,1.0,3.824070583747843
green,large,south,0.6653338783454587,0,1.0,0.9293033807446915
blue,large,east,0.741179967250055,1,1.0,1.609842797239447
blue,medium,south,0.7069595921805905,0,1.0,-0.4227240861771279
red,medium,north,0.0422233857738889,1,1.0,4.221233011761095
green,small,east,-0.4480253056710313,1,1.0,-1.2885108193557824
green,large,north,0.5566630239378996,1,1.0,2.8069045155011896
blue,small,south,1.2274268179258998,0,1.0,-1.3989875160320693
blue,medium,east,-1.0119788916615238,0,1.0,0.17079922965542005
blue,small,south,0.35341702477739034,0,1.0,-2.062413124631575
blue,large,east,-0.007542604606831236,0,1.0,1.1813202657127917
red,large,west,1.5809076585712731,0,1.0,1.9500954581387056
red,large,north,-1.7486364302833037,0,1.0,1.077347973529676
green,large,north,-0.09411168011740044,0,1.0,1.0994277030307957
blue,small,east,-0.32849171533261745,0,1.0,-1.0644815106867829
green,small,west,1.2723521820071262,1,1.0,-1.4158800157982734
red,large,south,0.6937085817228313,0,1.0,-0.1310649273643516
blue,large,west,-0.6347864319698189,1,1.0,1.9050849331507076
red,medium,north,-0.9036300340475488,0,1.0,0.2005958755380018
green,medium,north,-0.05321827472458064,0,1.0,0.621312832371218
green,medium,south,1.3504147461202016,0,1.0,-1.2932966401975092
red,small,east,0.31443990375352027,0,1.0,0.18487355594748112
blue,small,south,-2.125755507191403,0,1.0,-3.1618827021166234
blue,medium,south,0.32616164064096964,1,1.0,-0.765912175470569
red,small,south,-0.38735656884475195,0,1.0,-1.6737514532657913
green,small,east,-0.5192375980034851,0,1.0,-0.8362636209458523
green,small,north,0.03214904939381834,1,1.0,0.5685656880575158
blue,large,north,-0.5242185636020328,1,1.0,4.461347309632855
green,large,north,0.5478863349127829,1,1.0,3.567375391734955
red,large,north,-0.20605587312875118,0,1.0,1.4428387170828576
blue,large,east,1.3316585106370904,0,1.0,1.3343628788027784
green,large,north,-0.09945950803991885,1,1.0,2.9605580393835154
red,large,west,0.6840497421344198,1,1.0,4.312983250214318
blue,large,south,-0.5725698223635417,0,1.0,0.021754914985191033
blue,large,south,0.007512442173183729,0,1.0,0.30454228884348394
green,medium,south,-0.48104434808531066,1,1.0,-3.729047582372233
red,large,north,0.39177015932965137,1,1.0,5.3732907991352885
red,large,west,-1.4936354509809053,0,1.0,-0.3251537260667827
blue,medium,north,0.29899978455831433,0,1.0,0.27208850912452287
green,small,south,-0.7948618547443594,0,1.0,-1.58869724250505
green,medium,east,0.3592539444468923,0,1.0,-0.6705482794111898
green,large,west,0.5604974308215942,1,1.0,0.5907560937019474
red,small,north,2.1589954412047647,0,1.0,0.2889089258957853
green,small,north,-0.3241043975668983,1,1.0,-0.09941837578697221
blue,large,north,1.1201751573873087,0,1.0,2.2903091420239026
green,small,west,-0.16558380772125172,1,1.0,-1.140018863110884
red,small,east,-1.57917578996009,0,1.0,-1.9656602424299
green,small,east,1.1518391696766626,0,1.0,-0.6402564470964084
blue,small,south,-0.09096125604255746,0,1.0,-2.119529529859358
blue,large,south,-0.622567397638924,1,1.0,-1.1227407156263236
red,small,north,-0.6100372396478777,1,1.0,2.1250345046952366
red,small,south,0.7858387085675848,1,1.0,-1.991038011769747
red,large,north,1.0959140722842613,0,1.0,1.6416215836905488
blue,medium,east,0.7907222891243795,0,1.0,0.7140475757621032
green,large,north,0.6257916851179322,1,1.0,2.2269603998909435
green,medium,west,-0.975510058089468,0,1.0,-0.6033854431068153
green,small,south,-0.7658503427053965,0,1.0,-1.6968156395804823
blue,large,west,0.2982484629635104,0,1.0,0.6449557885680036
red,small,east,0.41577790089282185,0,1.0,-1.0728264085040915
red,small,north,0.6646622220483851,0,1.0,-0.8726015280167719
red,large,west,0.8526133143060968,0,1.0,1.118833733695872
blue,large,east,1.2516484671931352,0,1.0,1.4773839707889198
red,small,north,-0.17985261496235885,1,1.0,3.2863030186197655
blue,large,west,-0.7403544903401773,1,1.0,1.727553904774512
green,small,east,0.8622208848898004,0,1.0,-1.4159094308202325
red,medium,east,0.08857821361761058,0,1.0,-0.031753301983837884
blue,small,north,-1.7178994801664451,0,1.0,-0.2275775765688568
blue,medium,east,-0.2087672578353289,0,1.0,0.37203466547198016
green,large,west,-2.0773617333739733,0,1.0,0.7820333644058602
blue,small,west,0.624817190041875,0,1.0,-0.5274502973693256
red,medium,south,0.7567549073465831,1,1.0,0.1738998186828122
green,large,north,-0.666448506500141,1,1.0,1.9803810488613183
red,large,south,1.3433076117151883,1,1.0,1.0480020977717
green,medium,north,-1.249380383440526,1,1.0,0.649633944430464
green,large,west,0.2579772435438149,1,1.0,0.723300104651994
blue,medium,west,-0.09998974270263992,1,1.0,1.9481188797218967
blue,medium,west,0.523890086802736,0,1.0,0.15923118522338436
blue,large,north,1.8334743345296594,1,1.0,4.124700248994544
red,small,west,0.18117959204606343,0,1.0,-1.1742190858290174
green,small,south,0.2067437317104476,0,1.0,-2.9378516788830638
red,small,east,0.14789349012486608,1,1.0,1.7505332019936812
red,medium,south,0.11793490470875949,1,1.0,-0.10206244882643786
blue,medium,west,0.4245244838763114,1,1.0,1.198019550772759
green,medium,west,1.7339649615009174,1,1.0,-0.23794915141056483
red,large,west,0.34478172156780473,0,1.0,1.284382415223418
blue,large,west,2.6518958685764873,0,1.0,1.8625460200209683
red,large,west,1.3261990546515994,1,1.0,4.3326982707895345
blue,small,north,-1.4507593621702817,0,1.0,-1.0898768435529085
red,small,west,1.6192074268708283,0,1.0,-0.9397812095785062
green,medium,east,-1.9907253029490637,0,1.0,-1.0084240222712069
red,large,east,0.7005202522856615,1,1.0,3.6601777967832607
red,small,south,1.1729513129017168,1,1.0,-1.1116531222350234
green,medium,east,-1.4026052513180016,1,1.0,-2.3714544451608957
red,small,west,1.7626378996818215,0,1.0,-0.16852401659960584
blue,small,east,0.07058247770558347,0,1.0,-1.2120921664376594
blue,small,north,-0.8584543910311269,0,1.0,-0.866126616349878
red,medium,west,-0.03745156986287416,0,1.0,0.5019081953410932
blue,medium,north,-0.040495758902785915,1,1.0,3.206222369497644
red,large,east,1.009052658769504,1,1.0,3.312869666374942
red,large,west,-0.734189154815554,0,1.0,1.105926385703062
blue,medium,east,-0.4669670171484564,0,1.0,-0.9334262063032358
red,small,south,1.2010704722132786,1,1.0,-1.7936011442180346
blue,small,south,0.2604731856742747,0,1.0,-1.476589931474097
green,large,west,-0.5545792302906528,0,1.0,0.22062907657716735
red,small,west,0.43114758279353693,1,1.0,2.0553423257934225
green,medium,east,1.2294760769424962,0,1.0,0.812614801301228
green,medium,north,-1.1964076115200533,0,1.0,0.5950410050792322
blue,medium,west,-1.5335286610149161,0,1.0,-0.22541901045025514
red,medium,south,-0.7477800709977059,1,1.0,-1.0753499410287781
green,medium,east,0.5786367575271197,0,1.0,-0.3641344927144651
blue,medium,east,-1.1931643681799216,0,1.0,0.363827266788704
blue,large,west,-0.10719377912012372,0,1.0,1.5552550978968642
green,medium,south,-0.5544825467875238,0,1.0,-1.128679001029098
blue,large,east,-0.6115421208519006,0,1.0,1.4946616015340104
green,large,south,0.6219317494739635,1,1.0,-2.43784600285561
blue,large,south,0.55003758144641,1,1.0,-0.08529445705313937
green,small,west,-0.9942709339895734,0,1.0,-0.4934758177889519
blue,medium,north,-1.6479675088348262,0,1.0,0.31265145398525546
red,large,north,-1.4835773898527596,1,1.0,5.126901451136185
blue,medium,west,-0.11979536067261884,1,1.0,1.049440129245683
red,large,west,0.6462601738404099,1,1.0,3.966959626807891
red,medium,south,0.03566698702552617,0,1.0,-2.2211704543360504
green,large,east,0.05141104706550575,0,1.0,1.143980884269371
blue,medium,south,-1.1013286406373861,0,1.0,-1.4372759344975745
green,large,west,-1.1988774099550634,0,1.0,1.5123941728894832
red,large,east,1.721445518117773,1,1.0,3.7148911764337296
blue,medium,south,1.1157166281342412,1,1.0,-1.1886540750909158
red,small,south,1.4298330688148337,1,1.0,0.10828601943295901
blue,large,west,1.524699844924351,0,1.0,0.8040097240369671
green,small,south,0.553565751108671,1,1.0,-4.667945043476692
red,large,west,2.1374136902091476,0,1.0,1.2371941141193972
red,medium,west,-1.1334753799169308,1,1.0,2.262639202652686
blue,medium,south,-1.3377014889162775,1,1.0,-0.8931752323398168
green,medium,west,0.7400900181389741,1,1.0,-0.6244686233096284
green,small,west,0.3492253231072993,1,1.0,-1.1218949708402306
green,large,south,-1.758705544418492,0,1.0,-0.44035102210081
green,large,north,1.1980088957167288,0,1.0,1.8163941669524855
green,large,north,0.08437963689591182,1,1.0,2.3542306847005667
blue,medium,north,0.5867386781281506,0,1.0,0.5604537890911179
blue,small,east,1.1252416988174434,0,1.0,0.08473775791972438
red,large,north,-1.3194369498521428,1,1.0,5.352481474645956
green,medium,north,0.4659498366394981,0,1.0,1.6371611347887358
green,medium,west,5.937638076836906E-4,0,1.0,-0.2488081609462175
green,small,north,-0.5610824184465382,0,1.0,0.5272593007259553
red,medium,south,1.3614227498687577,1,1.0,-0.27594830395794717
red,large,south,-1.0282097492019049,1,1.0,0.7607229112584036
red,medium,west,-0.055992007240171955,0,1.0,0.515167778257868
green,small,west,1.5242487306103123,1,1.0,-1.1690490541584437
red,small,west,-0.2168329149458717,1,1.0,1.7828140303153437
green,medium,west,0.620162761604394,0,1.0,0.7840064334232631
blue,medium,south,-0.23656936081549124,1,1.0,-1.4655426980833397
blue,medium,north,-0.20742517873944502,1,1.0,2.392913693171398
blue,small,east,0.6570939199561937,1,1.0,-0.8009981711335026
blue,large,east,0.06354954159986609,1,1.0,1.8599027469875966
red,medium,west,0.26778249733994064,1,1.0,2.504085629616913
green,large,east,-1.1878980872724505,1,1.0,-0.8197048974074908
green,large,west,-1.07331225230093,1,1.0,0.29213360379500986
blue,large,north,0.19989558567638988,0,1.0,1.3974423060993044
green,medium,west,-0.46726092863625657,1,1.0,-0.2688632748389758
green,medium,east,1.0182363297803534,1,1.0,0.406293078646359
green,large,south,-0.5774847880651712,0,1.0,-1.4925776240195292
red,medium,west,-0.4729705230280837,1,1.0,2.457469135865641
green,medium,north,0.14310597805490047,0,1.0,1.9363775241746808
green,large,east,-0.4094648039737959,0,1.0,1.1689811140175892
green,small,north,-0.19299343968150018,1,1.0,-0.09499208836333628
green,medium,west,-0.239022291850187,1,1.0,-0.3413951604422496
red,small,south,-0.3357930536269302,1,1.0,-0.9515670578632043
blue,large,west,-1.2685912333428075,1,1.0,1.2400854534411438
red,medium,west,0.7988695259353689,1,1.0,2.1976349964505095
red,large,north,-0.22172939121164983,0,1.0,1.3200038690721587
red,large,north,-0.867672972817909,0,1.0,1.5154809578656094
blue,small,south,-1.784513974860705,0,1.0,-2.9533475565769662
red,medium,east,-0.2750980923924484,1,1.0,1.8349280014483311
green,medium,north,-0.37948764768904014,1,1.0,0.722123801305345
blue,large,east,1.2385652013497297,0,1.0,1.4805944473589288
blue,large,south,-1.6858253980978983,0,1.0,-0.6197514094611436
blue,small,west,-0.7084140437672316,0,1.0,-0.8414750436052865
red,large,north,-0.3624830609475,0,1.0,1.6006359490947644
green,large,north,-1.2242975328539045,1,1.0,1.92700027875465
green,large,south,-0.2915290050814356,0,1.0,1.2456379405834639
green,small,west,1.649248385928888,1,1.0,-0.9285471531807022
red,small,south,0.2425957802801498,0,1.0,-1.078477059175997
green,large,west,0.12502900228727196,0,1.0,1.3291527451548049
green,small,east,-1.5512221144091833,1,1.0,-1.6683430135828972
blue,small,north,1.2210849329485907,1,1.0,1.642379767750108
blue,large,east,0.108973994326603,1,1.0,1.9920618949718034
blue,large,west,1.5720473434147382,1,1.0,3.036949772213754
blue,small,east,0.8371246004012775,1,1.0,0.7960648776520115
green,medium,west,-0.10277653725829666,0,1.0,1.2719849061617883
green,medium,west,-0.3652460769443595,1,1.0,-0.7329658289220697
red,large,north,-0.3313415949105694,0,1.0,2.2088228234750997
blue,medium,west,-0.11443947465128262,0,1.0,1.1663948506284565
red,small,south,0.816556962264296,1,1.0,-1.7871510829556054
red,large,east,1.7320063665058607,1,1.0,3.3883636279610316
red,medium,west,1.921031000118457,0,1.0,0.08787879118543551
red,medium,east,-0.34009404876228677,1,1.0,1.368502748263255
green,large,north,-0.8072054767035324,1,1.0,1.6683840070793785
green,large,south,1.5589252089491341,1,1.0,-1.5634132355341024
green,small,east,-0.4705162598752842,0,1.0,-0.8975118731132882
green,large,south,-1.4064195400935124,0,1.0,0.08745639519569581
blue,large,north,0.17640154290550944,1,1.0,3.46397438900799
green,small,north,0.4061626746964521,0,1.0,-0.40692115997011064
green,medium,west,-0.7282294434833059,0,1.0,-0.650698816915099
green,medium,west,-1.0661381221516408,0,1.0,-0.02471450611163898
green,large,north,-0.7551532851290635,0,1.0,2.584827535297528
green,small,south,-0.20782255023197646,0,1.0,-1.494201903677487
green,large,north,0.15080968373817627,1,1.0,2.5368683758923374
green,large,south,0.2417218258941116,1,1.0,-2.263677787689979
green,medium,west,0.3727696806462652,0,1.0,1.0201966588117415
red,large,north,1.3927873133398603,1,1.0,5.033824947007791
red,medium,east,-1.548137439749388,0,1.0,-0.4793500966535049
red,medium,north,-2.2459694639921506,1,1.0,3.463287977535033
green,large,west,0.12253469726823256,1,1.0,0.12474779614310239
blue,small,north,0.7832771875151937,1,1.0,0.6580959090985632
red,medium,east,0.050455946614768474,1,1.0,1.6350725071712553
green,large,north,0.8468819757133962,0,1.0,2.0614750759844442
blue,medium,north,0.6521237933283393,0,1.0,0.9802908768990459
blue,small,west,1.5667837075098017,1,1.0,0.5062710145189591
red,medium,north,-1.8065623954646157,1,1.0,2.801533982024678
red,small,north,-0.6351157791225613,1,1.0,3.684636094733573
blue,small,south,2.082666060418445,0,1.0,-0.8494877388239193
red,medium,north,-0.6553802168433033,1,1.0,3.4232760136234504
red,small,east,0.25295374421605116,0,1.0,-0.3600174013395724
blue,medium,south,-0.35876544339791366,0,1.0,-0.3654319164032018
red,medium,west,-0.7224176142913445,1,1.0,2.0462912877320565
blue,large,north,-1.6481380916897745,0,1.0,0.8830289899113418
blue,small,north,-1.0270313034334748,1,1.0,1.9108409966509219
blue,medium,north,-0.15279668494419443,1,1.0,3.0516757976951787
red,small,north,1.0272034789576356,1,1.0,3.4396461295156944
blue,medium,east,1.2184174092026006,1,1.0,0.7469467802637184
red,small,north,-1.3125441678259278,1,1.0,2.6180810970822317
red,small,south,-0.2766688766234468,0,1.0,-3.061449734804341
red,small,east,0.5596137334957757,1,1.0,1.6571626602726957
green,small,east,1.171858752309406,1,1.0,-1.2471722000977419
blue,large,north,0.6524949263431165,1,1.0,3.585909916414051
red,large,north,0.9231823049636225,1,1.0,5.139364659437782
green,medium,west,-0.8222191993830805,1,1.0,1.1092875138999903
green,large,west,-0.5990140572121111,0,1.0,0.8569623604509884
red,small,south,-1.0270725527365399,0,1.0,-2.3679840581507148
red,medium,east,1.3360961019474986,0,1.0,0.9812395972836532
blue,large,south,-0.7369207489535035,1,1.0,-0.39748101920276346
red,medium,south,0.7584818889511195,1,1.0,-0.23851053509018216
red,medium,north,-1.4151042106204528,1,1.0,4.169247021957366
blue,small,east,-0.6429486369218771,1,1.0,-0.5024413585236092
green,small,east,1.6471588192244713,1,1.0,-1.431159690230287
blue,medium,south,-1.2090477657917003,1,1.0,-3.473730930448032
blue,small,east,0.8166444947345125,0,1.0,-1.1693671964355996
green,small,east,-0.28824593140158045,1,1.0,-2.2919894350624705
blue,large,south,-0.24704407958971455,1,1.0,-1.4770198307419986
red,medium,east,-1.567694853175709,0,1.0,-1.1844630119779014
blue,medium,north,-0.4760347365225565,1,1.0,2.8972128893505986
green,small,west,-1.1391445446828532,0,1.0,-0.6204671759921616
green,small,east,-0.350780348328949,1,1.0,-2.279892450298164
blue,large,east,-0.20117419045265297,1,1.0,2.254813311357366
blue,large,east,-1.612734882037588,0,1.0,0.01944220594187268
red,small,south,1.7698054404818961,1,1.0,-0.5454014369111146
blue,small,east,0.8639039147779005,0,1.0,-1.2174711728478465
red,medium,east,0.1334176826764364,0,1.0,-0.8496352551281652
red,large,west,1.151226762138843,0,1.0,1.5899906223213995
blue,small,west,-0.45783326245812433,0,1.0,0.6823646461150354
green,large,north,-1.794558405283508,1,1.0,1.666521454910494
red,small,west,-0.2861891055995728,1,1.0,1.7987036325365944
blue,medium,west,0.6395245051118648,1,1.0,0.6879342412232526
blue,large,west,-0.549850963255344,1,1.0,2.2226496540289467
red,large,east,-0.0719961649178783,0,1.0,0.8966931296851555
green,medium,south,-1.6795379983329228,1,1.0,-4.102801868937239
red,small,south,-1.2533405230734826,0,1.0,-2.5197333987033885
green,large,south,-1.4811278219971011,1,1.0,-2.93552344720204
green,large,north,-0.7524688221926106,0,1.0,0.8790455748975788
blue,large,north,0.9384984375309318,1,1.0,4.457146769620697
green,small,north,-2.014759556723428,0,1.0,-0.7939573882206811
red,large,north,-0.21634437723990255,1,1.0,5.630080200236163
blue,small,north,0.5245211922277158,1,1.0,2.2394418798726923
blue,large,south,0.08328478340073034,1,1.0,-1.6143548016344598
blue,medium,east,0.3357245328924265,1,1.0,0.9408148050594087
blue,large,south,-0.48503996386359427,1,1.0,-1.4204432980431008
green,medium,south,0.22664366863063334,0,1.0,-1.3005795135164246
blue,medium,west,-0.5864315710389225,0,1.0,-0.44138946323486367
blue,large,north,0.15121126161872087,0,1.0,2.474128068639863
blue,large,east,0.38643083462331373,1,1.0,1.4721755489641293
red,small,south,-0.7688155402288694,0,1.0,-1.4393915717225898
blue,large,north,1.3723254022836742,0,1.0,2.219246285270028
blue,medium,north,-1.116411947608233,1,1.0,2.0705701053515693
blue,large,east,0.07885612391670965,1,1.0,1.3770603018366736
blue,small,north,-0.827981382369547,1,1.0,1.368796303413625
green,small,east,1.0508988941544979,1,1.0,-1.4705255986955597
red,medium,west,1.1297290566661098,0,1.0,0.5912835732239609
blue,large,south,0.9574409441486458,1,1.0,-1.5167142747242306
green,medium,west,1.4562122588122886,1,1.0,1.3130250118515665
blue,small,west,-0.16063984486621746,0,1.0,-0.45256932298551805
blue,small,south,0.8230199038212272,1,1.0,-2.1217088505310167
red,medium,east,0.3419114442340032,0,1.0,-0.11782694295724591
blue,small,south,-0.3058617735877609,1,1.0,-3.082302892022951
red,medium,west,0.804374701713814,0,1.0,0.7932478701813384
red,large,east,0.7286537649034567,0,1.0,1.3384353231357267
red,small,east,0.23940465790329066,1,1.0,0.4953897855223305
blue,large,south,-1.0995138142078182,0,1.0,-0.33501730183591344
green,large,north,-0.5590935313960606,1,1.0,1.7236108935699952
blue,large,south,-0.15462388349526973,1,1.0,-0.9465685789449124
blue,small,south,-0.4733320695893117,0,1.0,-3.2795369150421587
red,medium,east,-0.5944398091376667,0,1.0,-0.42366916300262025
red,large,east,1.2697724753847583,0,1.0,0.7225097191202167
green,large,south,0.24637366453161663,1,1.0,-2.152777378187819
red,small,west,-0.6847206220259884,0,1.0,-0.7138270266470325
green,medium,north,-0.2609946088569274,1,1.0,1.4295764248110692
blue,large,north,-0.1446059497523744,0,1.0,1.516365603697654
red,small,west,0.15060412553873334,0,1.0,-0.26621404544054267
blue,small,south,0.5929029720205821,1,1.0,-3.5555768644612193
red,large,east,1.1841082319133636,0,1.0,2.236528065611384
blue,large,east,0.624786965771758,0,1.0,1.1015683658026045
blue,small,east,-0.7920731085156032,1,1.0,-1.4770856560490508
red,small,west,0.16043839019764156,0,1.0,-1.143322633991836
blue,small,east,0.696350195816002,1,1.0,0.17521035766140447
blue,medium,north,0.2086664524043328,1,1.0,2.391744391717154
blue,large,south,-1.5319248284328695,1,1.0,-0.52318203825616
blue,large,south,-2.5110845546701075,1,1.0,-2.4855377912377756
red,medium,north,1.1334181434719992,1,1.0,4.36913649960517
green,large,south,0.42406476973291723,0,1.0,-0.17519955292031408
blue,medium,west,0.3398867501341473,1,1.0,1.3551489773194794
green,small,west,0.865032454597613,1,1.0,-0.3204101854001349
blue,medium,west,0.03942609836123034,0,1.0,0.44890054747393665
red,small,south,0.25567572409464046,0,1.0,-1.4077892230882634
green,large,east,0.22470532225132442,1,1.0,0.3045523978382447
blue,large,south,0.19658256572177285,1,1.0,-1.545684135253416
green,large,west,1.1868361228542663,1,1.0,1.421818043625808
red,large,south,-1.1841844299669522,0,1.0,0.8108877086806467
red,medium,east,-1.1190770603387774,1,1.0,1.577523585681938
red,small,east,2.2301976560813426,1,1.0,0.8091129131657816
blue,small,north,1.6038945462463776,0,1.0,-0.09997699101745927
red,large,south,0.5887852243284748,1,1.0,0.9337492332854996
green,large,south,0.3536995627442723,0,1.0,-0.8293146370775126
green,medium,north,0.07758468214672642,0,1.0,0.8626388360386812
red,medium,east,0.10317810383922006,0,1.0,0.32557956283518036
red,medium,east,0.5712385125663699,1,1.0,1.6693766208749974
red,large,north,-1.2447830546405256,0,1.0,1.2127056417309863
blue,medium,west,0.517311363344999,0,1.0,0.06791825532844542
red,small,east,-0.5206307694973327,0,1.0,-1.3349236778748865
blue,small,west,-1.2692108695908328,1,1.0,-0.148527637292638
red,medium,west,-0.13074798735419646,1,1.0,2.546938776637879
blue,large,south,-0.085178806724755,0,1.0,0.18859627355546008
red,large,south,0.5988826451468522,1,1.0,0.9193609013688558
green,medium,east,1.6079848264467407,1,1.0,-0.07678427239047247
blue,medium,east,1.0272715191369228,1,1.0,0.7891283308192488
green,medium,east,0.7034725031585229,0,1.0,0.321318532483171
red,large,north,1.7970600804616956,1,1.0,5.476609147593696
green,large,east,-1.611868969542083,0,1.0,0.19295417258237008
blue,large,south,1.7893032430498856,1,1.0,0.18159355867427995
red,large,east,-0.8342705798794163,0,1.0,1.1516815487769554
blue,large,east,-1.1058186189372867,1,1.0,1.6630527960904296
blue,large,east,1.7746427271422562,1,1.0,2.6026890007267016
red,small,south,-0.49222093895272817,0,1.0,-1.7969585903477598
blue,small,south,-0.13303294333037866,1,1.0,-2.5636760006613026
blue,medium,north,-0.018270694916501354,1,1.0,2.5849678729044774
green,small,north,2.2855719787772233,1,1.0,0.27087010247563403
green,medium,north,1.6856880499179907,1,1.0,1.3536219802626293
red,small,south,0.39040167189077984,1,1.0,-1.0581372266042173
green,medium,west,-0.9476422056817924,0,1.0,0.6446974767728035
green,small,east,0.8730697964434118,0,1.0,-0.588774418765798
blue,large,west,0.4030412187335927,1,1.0,2.5544230721893224
blue,small,east,0.1319456752346235,0,1.0,-1.217423942400387
red,small,west,-0.667956250412981,0,1.0,-0.7069424888037068
blue,small,west,1.3715081795062876,0,1.0,-1.0640058193956166
blue,large,west,-0.8050335598143863,1,1.0,2.3032990806932916
red,large,east,0.8716838106978742,1,1.0,3.870754811152257
green,large,east,-1.4575221779022998,1,1.0,-0.7503542927436359
blue,large,north,0.8871650638650124,0,1.0,2.7782245434258286
green,large,north,1.4177220693213641,1,1.0,1.9648770293302942
green,small,east,-0.3469657864788883,0,1.0,-0.486323927236753
green,small,east,-0.789541085047574,0,1.0,-1.7418901389416086
green,large,west,-0.9241423583633755,0,1.0,1.5344907675169939
red,large,east,1.1028613223749157,1,1.0,3.491383099073939
blue,small,west,-0.8219162613678291,0,1.0,-0.7434779937768231
green,large,south,1.6384978309670175,0,1.0,0.041736316653656846
blue,small,east,1.0415258025386935,1,1.0,-0.33672111789747294
green,medium,north,-2.3715367300735726,1,1.0,-0.5581879095563415
blue,small,south,0.9261144603253803,0,1.0,-0.978735353847882
red,large,west,-0.8408785582056643,1,1.0,2.9973811384364124
green,large,east,2.1387367151501637,0,1.0,2.1113105957769536
red,medium,west,1.796514559826093,1,1.0,4.141869510516559
green,medium,east,1.1455092171365382,0,1.0,0.7357517328964578
green,medium,east,-0.10470004021789878,1,1.0,-1.4245885918171917
green,small,west,-0.257636900940726,0,1.0,0.10786982192026329
green,medium,south,0.1578986504320739,0,1.0,-0.3838769616528453
blue,medium,north,-0.7409550905601091,0,1.0,0.7424043680289827
green,small,north,-0.7891884806486092,0,1.0,-0.8440143269781457
red,medium,north,-0.16119860918491075,1,1.0,4.447348611150009
green,large,north,0.00864418491642297,1,1.0,2.144123803751646
blue,medium,north,-1.6092280432194523,0,1.0,0.24251752732299847
blue,medium,east,0.12187260582294838,1,1.0,1.5053321810867204
blue,medium,east,-0.5239482595247493,1,1.0,0.11495625571958748
red,small,north,-1.0785043261655884,1,1.0,3.3918710538661023
red,large,west,-0.7197458361809134,0,1.0,0.826877745993739
red,small,north,1.064594958601338,0,1.0,-0.17520576926733736
red,large,south,-0.38960403012605627,0,1.0,0.057605857217858214
red,small,south,0.035287588328356864,0,1.0,-1.7219012611316096
red,large,west,0.2116175165377849,0,1.0,0.9944189578435336
blue,large,east,-0.2627360261804826,0,1.0,1.0286381774222826
blue,small,north,1.0594309183873338,0,1.0,0.3611062795428075
green,large,east,0.20328279608679353,1,1.0,0.32695315570929456
red,medium,north,0.10889082214479055,0,1.0,1.4547913534069532
red,large,west,-0.9689494935087387,1,1.0,3.3383111268192533
red,large,east,-2.941996046517671,0,1.0,0.5547320556330491
green,medium,east,-0.22023470786718585,0,1.0,0.12979604613881207
blue,medium,west,0.5151369666755351,0,1.0,0.47300736748031247
blue,large,east,-0.6537876527399221,1,1.0,1.6914947135258687
red,small,west,-1.2769227792332554,0,1.0,-2.0963692790250614
green,medium,west,-0.2809539622696654,1,1.0,-0.9438305245253835
red,medium,east,-1.4002750437772358,1,1.0,1.325197053172868
blue,small,north,0.20909471385313042,0,1.0,-0.07752470764473587
blue,large,east,-0.49037891500191616,0,1.0,1.2630314488535372
green,medium,east,-0.0136474799568706,0,1.0,-0.05753210087330861
red,small,south,0.9472553926564424,0,1.0,-1.4835206371347087
blue,small,west,-0.35054229503670004,0,1.0,-1.2165957047245823
blue,small,west,0.07143978322512498,0,1.0,-0.7241644711542227
red,medium,east,0.2665655694442365,1,1.0,2.3997294545623147
red,large,east,-0.0478033352146463,0,1.0,0.47400380511308027
green,large,west,-0.9302337326280155,0,1.0,1.404809710649383
green,small,north,-0.332684140449319,1,1.0,0.7300456727154035
red,large,north,0.21214726471271017,0,1.0,2.1269698730778006
blue,small,west,-2.4839169566493213,1,1.0,-0.40558709264346515
green,medium,south,-0.007458987368663129,0,1.0,-0.045381059316511596
red,small,north,-0.5603623426294345,0,1.0,-0.48822759581032693
green,large,west,0.37710350355444605,0,1.0,0.9462235181179617
red,large,north,-0.9546564391476343,0,1.0,1.632882165943142
blue,large,north,1.4369413703114766,0,1.0,1.679489633796916
green,medium,west,1.2659751487570334,1,1.0,0.15654149697610809
blue,small,east,0.2546667045940529,1,1.0,-0.6649964395301674
green,small,south,-1.147804173013055,1,1.0,-5.042516391577759
green,small,east,-0.394278066906109,1,1.0,-1.997827347239739
green,small,west,0.5436402027267424,0,1.0,-0.4836379210421645
green,medium,north,0.049507473926241635,1,1.0,1.9345414753887322
green,large,east,-1.144452200382438,0,1.0,0.8316788152107686
blue,small,east,-0.24643472226899032,1,1.0,-1.394153621129905
green,large,west,1.9452349823390715,0,1.0,1.837993790133055
green,medium,west,-1.1921045991164014,0,1.0,0.23352967055166102
blue,medium,south,-0.42272105324608344,1,1.0,-1.7079227812757172
red,large,west,-1.2804391447018393,1,1.0,3.7377167565606975
blue,large,east,-1.924175021014666,1,1.0,0.823090820920025
blue,small,west,-0.39317719771465015,1,1.0,-0.6429162631474418
green,large,south,-0.23663150335610958,0,1.0,0.23487079814806777
blue,small,east,-2.039705969894402,1,1.0,-0.6476494250152514
blue,large,east,0.11373079249798175,1,1.0,1.778746197113921
blue,medium,west,0.3779745864164758,1,1.0,0.43964183694901626
green,medium,south,1.690799306806603,0,1.0,-0.47201580763954243
