x1,x2,x3,treatment,weight,label
1.3419053154730547,0.4194079489827879,-0.14986663689089585,1,1.0,0.7443522773469027
-0.6761154839986063,-0.6044944372294735,-0.14549916602469204,1,1.0,0.8338598564999473
-0.20086993610549192,1.077411619884327,0.39114193331095787,1,1.0,-1.6073041783065574
-0.5849147514147983,-1.7103847125746852,0.39140581024423404,0,1.0,-2.4744663541987517
1.7511476388671834,-0.06146971375289495,1.281598060824539,0,1.0,3.2400438609588043
-0.41571015230312075,-1.5098712467653193,-0.028879348400403404,1,1.0,-1.0476433643946619
0.12246591936019634,-0.332586610458107,1.9057552694599844,0,1.0,0.42762123718358885
-0.8852648728095391,-0.6901936554702193,1.818401527907321,1,1.0,-3.5258754872652327
0.07799522538010839,0.7891590718015771,0.5308611443440067,0,1.0,0.7300661697899858
1.5086271727568954,0.15809124903379768,0.7001113991216664,0,1.0,1.8853893769310783
-0.2526778063996821,-3.167868765936468,1.7486313753953442,0,1.0,-0.409710111598961
-0.36094573836432325,-0.7043431937449042,0.3237019133380634,0,1.0,-1.5009716092245733
1.606156849249087,-2.0202207203569253,1.0709294126920899,0,1.0,1.1572957738844014
-0.6205423028081143,-1.0365678043417668,1.958683401417832,1,1.0,-4.407768229210194
0.8376528072991833,1.6587356289053505,-0.2788909912755706,0,1.0,1.659304094674569
2.224232158991598,-0.8718128298343011,0.5054919320508997,0,1.0,0.08979482380625714
0.793810392667254,-0.6556646210851165,1.4632872929286855,1,1.0,-1.2338031430440524
-0.5495772563005539,-2.0389457236891433,2.0829518887857237,0,1.0,-3.1244307140737675
-0.0928371016037593,0.028543940114601374,-1.1616738245977505,0,1.0,-1.1466067367861117
0.7848576003562433,0.0730702106631469,-0.16760263542487974,1,1.0,0.8893275544967851
-0.28091295490277446,-0.05378794264608977,0.35341111111960877,0,1.0,-0.26216823836076575
0.15965949356885695,-0.2939761634294308,1.3005733845746485,0,1.0,0.30104491291432534
1.5779023735452462,-0.4043358717159537,1.9803888981358506,1,1.0,-2.2910986456143343
1.311070259956826,-0.5596180383047651,0.5776593785900819,1,1.0,-0.6218267224309186
1.7117192131332226,-1.9034737280748781,-1.1069696484274985,0,1.0,2.1285477978330967
-0.5634535747918514,-0.11125260171074519,0.21064273280325585,1,1.0,-1.6438488421815036
1.1096100139058387,-0.9101953601595004,1.7232656762366394,1,1.0,-1.9830806926033766
0.7315796369240257,-0.09481303398745827,1.1626356079138538,0,1.0,-0.1675240493232688
-0.2690922359906752,-0.08585182673741582,1.4630227275361514,1,1.0,-2.370868966895414
2.0719645774548363,-1.5044351249585586,1.0157711097869722,0,1.0,-0.2884244966260694
0.34639398510919395,-1.6858026814690974,2.479404664743913,0,1.0,1.883186070652941
2.2785885060852573,-1.3713062298010388,1.2320205781848166,0,1.0,-0.8354065332185991
1.0951776489120975,-0.682670902923442,1.7297634639960395,0,1.0,0.3163618376230679
0.5646750591026233,-0.5963863915833241,0.8389373830920861,0,1.0,0.7680581566390674
0.6948561326551211,-0.09926182111664755,-0.62529201527869,1,1.0,1.0104539666054735
-1.107050902855865,0.6863665659992768,3.068451427713093,0,1.0,-1.0423587826347123
0.7473509656354904,1.1230096333098776,1.1696692988701471,1,1.0,0.1935698160773982
1.2785522580869206,1.7956545842044425,0.15103550709315716,1,1.0,1.0758563895932227
0.49505835283098226,-1.658630075830032,2.3211141625315665,0,1.0,-0.23902739265749592
0.7329882583476022,-1.8048367953567903,2.167307418227268,0,1.0,0.7861792684879464
1.5758681039407463,-1.7706898498985282,1.0920337802284907,1,1.0,0.039774890266063734
0.01641934498256828,0.8097973110373335,0.8847156350384071,0,1.0,0.7003087614776272
1.138586385759737,0.1466266929503719,-0.5936977053869661,1,1.0,3.3893145279844608
1.5749407253708883,0.9316503612845468,0.24357838668268472,1,1.0,2.5623479399213576
-0.13193076860206787,-2.198847669879108,0.26885848820789293,1,1.0,-4.356634563233631
-1.2828823907808073,-0.7073132390900538,0.8328546456093724,1,1.0,-4.148028445218003
0.7312384427798944,0.5698697859848461,1.1420632280933474,1,1.0,-1.2619092162877061
-0.24301705833307286,-0.23458937626408466,-1.9621408768403497,0,1.0,0.18022869494747262
0.5884025750196511,-1.0821272380571016,1.2334356888417783,1,1.0,-3.2155755261944474
0.24448153719338195,-0.7795432041366281,0.1784847115982232,1,1.0,-0.7417299507831958
0.8080044534446518,0.06498053638177004,-1.0396057140222295,0,1.0,1.0796156137861923
0.8209587556377826,-0.7985954385796568,1.474508781454876,0,1.0,2.388927053916203
1.0418616457792909,-0.8480736064260179,1.8703545150299583,1,1.0,-3.357661096208911
1.8299990324999595,0.03318453247982622,1.1415897936946187,1,1.0,0.23788496069511045
0.032072235657334774,-1.1742361016491887,-0.5784001094621347,1,1.0,0.8932945305908018
-0.6262800444926051,-1.2820280296034263,0.40937044987903676,1,1.0,-1.9304674689302812
-0.23633626572057415,-0.6809154170821097,1.6037789293095281,0,1.0,0.8094591665059563
0.4956428625131204,-0.6982487375440204,0.3554165988478373,1,1.0,-1.74432200587257
0.2284423190250653,-0.7778757490006801,1.9028459323162388,1,1.0,-2.769767307479261
0.4599683331595172,-1.2994483085702515,-0.8495808537304828,1,1.0,2.3580590863820423
0.04638919709292391,-1.6594658182609312,1.7177143967118988,0,1.0,-1.6771226581299745
-0.12832469432666105,-0.08955968439639206,-0.3469356875001972,1,1.0,1.6492259148319994
-0.22541428536149005,-2.3915106986768837,-0.24245579514497528,0,1.0,-1.0366647122787662
0.1788882844094108,-0.03287756091030408,0.42850952735646763,0,1.0,0.6586968217852983
-1.1185016102600023,-0.10465975539622652,1.0938159464665458,1,1.0,-2.450217940431611
0.8402966109404382,0.4020986020609125,-0.01804923534015368,1,1.0,0.9528461613560181
1.2132712272134547,-1.7513760790042805,0.1571085372702219,1,1.0,0.7319978920216886
-1.6499139539147436,-0.7819444904065841,0.6618907275879318,0,1.0,-0.6762359121901176
1.835623602110286,0.4829002135878432,-0.002007118931152574,1,1.0,2.7839798281679133
1.0514251596729107,-1.1823067833053436,-0.3652363457474399,1,1.0,1.2850675796429352
-1.2017329193460204,-0.20036488667036223,0.6547578316775697,1,1.0,-2.7521815944945045
0.36515771985494316,-1.9034942944222621,1.9893192705656857,0,1.0,-1.9361894927478165
-0.4334365278276024,-0.649201791209625,0.7426300131823667,0,1.0,0.22556641926719212
-2.145242925186247,-0.203937840418901,-0.5146397175628963,0,1.0,-0.7985936777375515
0.7873581204246087,-0.5821924020049358,1.4494432905311445,0,1.0,-1.0775747480557722
0.8731362657652948,-1.6755615788353604,0.9043033716732378,0,1.0,0.3976443209805535
0.2060435328852553,-0.12471356973287478,1.3705074035386362,1,1.0,-1.058496658596613
0.2321481172394641,0.7012741891914207,2.5136178591696963,0,1.0,0.5474333790659022
0.9287558120447856,-1.0057974394043507,0.8900414632076966,0,1.0,0.9842651258304693
1.5408975584882967,-1.501297694765178,1.0629131685892508,0,1.0,-0.29682429763342455
0.29033470655824,0.6542443433715526,1.531162669034242,1,1.0,-4.242979146012633
0.6105727344850955,-1.318356553557055,-0.10075447729320097,1,1.0,-0.8621128159952518
0.1628511713012368,-2.2996558349133247,1.3840723211473316,0,1.0,-1.8667551873806016
-0.4879215178470559,-2.40375044294082,0.5790030665256063,1,1.0,-4.785331712244792
-0.59600984753052,0.9538387691532402,1.2728192154140965,0,1.0,-0.8424374270440355
0.305561586317954,-0.1311442581106398,0.1251780364142815,0,1.0,0.1396978363368497
-1.268668648734733,0.22844562883392272,0.7945377596646821,0,1.0,-1.0239397389769227
0.5133175058021444,-0.26380996934804707,2.2660030637866075,0,1.0,0.3013094349559453
0.8284728113040472,-1.3293935174665592,-0.6368078914563116,0,1.0,0.4876510185859088
1.2732260590109263,0.4843571977302772,0.3144999746391257,0,1.0,1.238230200224717
0.698569431594676,-2.712003575617898,0.8736279095453297,1,1.0,-3.209040191803051
0.6436459727103554,-3.2825027375679503,1.2818020642160857,1,1.0,-3.2967365520822427
0.8753996221697711,-1.7204800911406224,1.1643600908733922,1,1.0,-1.9467640811961604
-1.582697997586695,-0.4605692839615209,0.5337493017596404,1,1.0,-4.495448043973758
0.8156468749230359,-0.190414329102777,2.85431987000874,0,1.0,1.2891776305150713
0.42159327274901415,1.1245318935500623,0.4560477285972229,0,1.0,0.11247220521287338
-0.5972853793382453,0.36701167016299463,-0.038193253893485046,1,1.0,-1.6348583510070913
-0.7199065051787472,0.2769382758445459,1.840599824436309,0,1.0,-1.216163253897038
1.2894952827172546,0.5772359041859032,0.8093436528486491,0,1.0,3.084378826140054
-1.618078671292563,-1.4750498759604245,1.1438928290230084,0,1.0,-2.45550115354466
-0.26209498776170914,-0.5002382705916391,2.214464891572643,1,1.0,-5.636446365151552
-0.3717221596117222,-0.14765322576944362,2.7699515466700264,0,1.0,-0.5340753928676183
0.9249729182460491,-0.6992440145276745,-0.5392784524386709,1,1.0,2.5164657102304755
0.4487390998133029,-0.902559390919129,0.32726852275319496,1,1.0,-0.7302766801798228
0.9291061523286057,0.2140484894891782,0.9646724959261341,1,1.0,-0.238618657814902
1.797204345918862,-1.4998450973390312,-0.7432164211970438,1,1.0,2.6804531741180906
-0.928792741168964,-0.062047759988128226,0.38108093025108175,1,1.0,-1.3597348130853142
0.22160845224971992,0.35902123838742794,0.5319515983464238,1,1.0,-3.1735339997147016
0.9297171728443747,-0.8280609781972763,1.1753247894650052,0,1.0,-0.5861393896722709
3.453155611229434,-0.5631047161678864,1.0503752592295714,0,1.0,3.217931748218591
1.5045040147541315,-0.9202355808746953,0.6024843486253787,1,1.0,0.9677154088364741
0.3714883289200667,-0.2446795204858897,1.9849725378782233,1,1.0,-3.322313316981071
-0.06203868667688062,0.5626091656565495,1.2509651703701687,1,1.0,-1.4186604956957325
2.348010544919323,-0.1436144767500035,1.1259228179481013,0,1.0,0.033379960847124135
-0.9743226654423778,-0.4601687792772724,-0.436283294906862,0,1.0,-2.451745944765286
0.34928135222202406,2.5424071221064293,-0.13057896324121554,0,1.0,2.878351167927956
0.9201737182853447,-0.982573559047947,2.527469305106878,1,1.0,-5.589654177524423
-0.31219687198092766,-2.161195806277465,3.0365982226831454,0,1.0,-0.5220015482843373
2.1841351034936265,-1.1020524731863723,0.4194154879058701,0,1.0,2.7930601282302665
-0.8301030204243824,-0.8292809334821315,1.2295215004777114,0,1.0,-0.7482387915214544
0.28699188515725227,-1.8741285272600698,0.0796589411488492,0,1.0,-1.723457321105827
-0.36271822271863724,-0.49352368256793006,1.7899777376051356,1,1.0,-4.478843932066827
-0.2526169508788798,0.36647718087266556,0.4452809894472849,1,1.0,0.18295786805762004
-0.925995234631676,-1.2280517171149654,0.6860690473075659,0,1.0,-1.8891899097133829
-0.7842190717896862,1.031202299543557,1.1694116442965246,1,1.0,-3.572180118649494
-0.5440681350987469,-1.6395673498272376,1.025061860738525,1,1.0,-5.689318735584363
-1.331990346237269,1.2102879218810416,0.9468781408400812,0,1.0,-1.556535030772082
-0.06291837609587786,0.3414322655489207,0.3386139725212299,0,1.0,1.0119500289444745
0.4648199316806048,-0.1889234102174503,0.7484044458467761,1,1.0,-0.529313663114719
0.5572546576353881,-0.7031030561300576,0.8121612560442797,0,1.0,0.3469906800482252
0.11021374610995885,-0.3315496220214912,1.642057412069337,0,1.0,-1.0802277889546728
-0.33855341946515255,0.5810606928873057,1.2327409904475426,0,1.0,1.5758593783196673
0.11960478310770191,-0.8082087256466658,1.550515839526569,1,1.0,-2.1102240152626326
0.32903800018495843,0.017718336033976545,1.0152724010865635,0,1.0,0.9055252501583813
-0.9663021013228774,-0.9215228210883246,0.7532413099890122,1,1.0,-2.9435583568091923
-0.7555390731361618,-0.15492013434025792,1.4567763033085432,1,1.0,-3.88949946246069
1.1063920023065685,-2.1748417828946516,1.0856680423450675,1,1.0,-1.7342327562294986
0.3588378111675448,-0.11497611504112043,1.9580346841884824,0,1.0,0.4856354307397224
-0.47592132148822336,-1.1413367134291446,-0.9529691153036912,1,1.0,0.17974754740839394
0.20359430877619758,-1.7058824899685792,2.60449568134423,1,1.0,-5.705162312630837
-0.6638925037400045,0.6517668203954323,1.9312973802189524,1,1.0,-5.1124421361093075
0.802202262690088,0.6242666837544515,0.9164162732544601,1,1.0,-1.1115209641850803
0.4029713968243596,-1.1676962565883033,0.45665666437851865,0,1.0,1.7543407338871562
0.39100145306767864,-1.6181845347172283,2.162808123342441,1,1.0,-5.402501107801937
0.39511464195260837,-0.5052257450550752,-0.0015927459918729792,1,1.0,1.6313837036363963
1.158852829716386,-0.6315598637884835,-0.646121533037531,1,1.0,2.3746318717821544
3.028050540277815,-0.5791887097993162,1.438943727151928,0,1.0,1.9832960544432803
-0.730746003146789,-1.1779125404223567,0.14142778021197278,0,1.0,-0.6321163102669067
-0.30702403822284435,0.32883982084906704,1.4626270283007932,0,1.0,0.0827177978840507
0.3858660954849796,-0.5549409628924219,-0.16292985805108784,1,1.0,-0.4562799640774666
0.30721377130435634,-0.5956597763763154,2.3839733705392105,0,1.0,-0.5178423290664895
1.6008620300826788,0.33298757209306284,2.6809992860305085,1,1.0,-3.8352315250766584
-0.2346026311194122,1.5047565660570132,0.7224469399191068,0,1.0,0.7711624572997726
0.3030580877048928,-1.0327821571882854,0.822334300608118,1,1.0,-1.7875619948633887
-0.12675610326995906,-2.0230744795711653,2.6146584519056613,0,1.0,0.10123758546985706
0.4465290260064996,0.028113249587739864,1.0232398145083228,0,1.0,1.3297498744176859
0.10305506230545042,1.0430846561962788,0.5468302223968318,0,1.0,1.3078392404513481
0.5525873716426961,-0.1439506327780653,-0.5509413658767301,0,1.0,0.3454049687517023
0.3638284843923062,-0.673587557312496,0.6004515008430218,1,1.0,-2.2078004648686638
-1.0678080766662288,0.16485094245737242,1.5005787853857333,0,1.0,-1.0735706959109683
0.3177709598763555,0.007733845629784075,0.5190681946142054,1,1.0,-1.2743309533039127
-1.3712147093354075,-0.5517966847325101,0.2479778336767281,1,1.0,-2.4063556691919845
1.09144061294805,-0.5612123377080349,1.7576717559716042,1,1.0,-2.786466450446663
-0.11270622018423804,-1.0088701036790981,-0.3006372244037798,0,1.0,-0.7403972541717494
0.2707436458201805,-2.7652465769212773,-0.06213330514707538,0,1.0,-3.064067006755793
2.3036229155597137,1.3760470473643356,-0.3295115193167646,1,1.0,2.9727776370857995
-1.5907825518227983,0.37646820396963265,1.9321565379120436,1,1.0,-5.551102361211489
2.9787582848537957,1.459710031773093,1.1405060877872193,1,1.0,0.7454225943098193
1.2224267357566696,-0.8944115619517683,1.0810578825169523,0,1.0,-0.28626981305758836
-1.4129553896103884,-1.1927718324106622,0.8667562534284975,0,1.0,-2.4610447679917993
-0.1281840083463553,0.14288360786820808,2.2357584719712102,1,1.0,-4.089002031727172
-0.039020778929622274,-0.05829320269817723,0.5541281870137026,1,1.0,-3.4066727444406637
1.261754901850132,-0.668610141794421,0.9022205058106119,1,1.0,-2.030264855288203
0.020504976495053256,-1.5820953290723438,0.34794379893623495,1,1.0,-1.34975596025475
-0.13908688774739475,0.9993110093785997,2.2416730283705046,1,1.0,-3.203491100038356
0.6173477604210643,-0.09693147918159961,1.494402229000432,0,1.0,0.8191941945940215
0.2347591040069145,-1.2668008213016506,2.736865687266026,1,1.0,-5.485643503832414
-0.49922295836921377,-0.9007248223467246,1.9575708231791185,0,1.0,1.1808509595980587
1.3379891776533102,-1.5708016097770259,-0.92271990930285,1,1.0,2.474434421546022
1.4964670474686546,-0.5173049634714809,0.6692355949684712,1,1.0,0.4788992342642121
0.13144220392441397,-0.015474200261197002,2.079103805035942,0,1.0,-0.7397680304755713
0.5889277994744355,-1.958547975697321,0.3621038035546988,0,1.0,1.2193433402661273
0.3798926685712716,-0.3678504200520436,-0.40077883258960023,1,1.0,0.40451893500054315
-0.25670151080096887,-1.2366905512909836,-0.12293820890970908,1,1.0,-2.4599318233344367
-0.6268580184522416,-0.14079004865853495,1.678056067183356,0,1.0,-0.6474634173692584
0.8791015930408654,-1.3044079284129566,0.21136764054127133,1,1.0,-0.600625616036802
0.8876995230554106,-0.5261804994928713,2.3897591073841515,0,1.0,1.1691289504562898
-1.7481470196175977,0.49091918337173124,2.6180080267978942,1,1.0,-7.41389567086822
-0.36476908827066584,0.47153806673356546,-1.406591074948113,1,1.0,3.992393816807338
-0.3740563199977445,0.6042397454294834,-0.22244761011263514,0,1.0,0.05961458818242274
-0.11377262301721713,-1.0936466053176428,0.671470208333163,0,1.0,0.759038272509514
0.20598728534039595,-2.145247991913397,1.5304708416565056,1,1.0,-4.143802126240519
0.5242463950740632,0.0079874960068127,2.0093340505083024,1,1.0,-3.229230131464606
1.9745676608347433,-0.1274993824062724,2.2310981041803757,1,1.0,-0.6472413712880101
1.3479005686652854,-0.6974841405843375,1.1193858550870763,0,1.0,0.809446459430937
-1.5547269671535409,-0.6839325408938662,0.8973994354732704,0,1.0,-1.9466556434835587
1.1192448235188512,-1.0030785476780468,2.201126074504607,0,1.0,0.7523965126609304
-0.30325994414977314,-0.4203979896294521,0.9175292364210045,1,1.0,-3.1899527426786407
1.420401845564964,0.5002921566026655,-0.16673687469729204,0,1.0,1.6688099004042583
0.582736206262256,0.03332404479840467,1.548943505020204,0,1.0,1.339450667946359
0.08119250175269879,-0.3405516877843645,0.921203677520715,0,1.0,-0.17908489278672832
0.5565556147766745,-1.7085088362488718,-1.0233194387719498,1,1.0,2.5516281422770204
-0.8463295648824747,-1.508967677620553,-0.32581967615380303,1,1.0,-1.502256433564728
0.3888054419922688,-1.8629519043513558,0.9372763637396844,1,1.0,-2.937368472427722
0.7296162271430346,-0.42872599591897287,0.2221173134099299,0,1.0,0.01769605739283725
-1.0671379597876656,0.008060186882633769,0.09368321527821,1,1.0,-2.3542831658235075
-0.053012719688033894,-1.4915552440919135,-1.1816951636264925,0,1.0,-0.7284445364808513
-0.08864918449761378,0.021316056243321668,2.0577405876416153,1,1.0,-4.735342480065737
1.916268208160734,-0.2147230868585745,-0.10048154956703848,1,1.0,1.1176505694422394
3.53815106035518,-0.7370038303960063,2.6867015261988874,1,1.0,-2.1266220271250864
1.2911056928117275,0.39002057078723573,1.6943664126594662,1,1.0,-0.31806975571524054
0.21163580435974885,-0.7334202205336098,0.07061247209347843,0,1.0,0.4399107183432409
-0.4146224368922011,-0.717077144208347,2.769790796245423,0,1.0,0.27471370386254446
-0.572145264809163,-1.1330770837978765,-0.06392607179747667,1,1.0,-0.8464862294621393
-0.08850404797386646,-2.0768563523668915,1.166900579393887,0,1.0,0.3039864404658901
0.4026358035186132,-0.4739757358129192,1.5716708774049621,0,1.0,0.95755592462166
0.9385589161163927,-1.4103039722369342,1.2276561463432736,1,1.0,-1.0652889199269582
0.3476187410361863,1.6561022631006699,-0.27155177774856587,1,1.0,2.052361204818799
1.2665487633603307,-0.1757682117102219,0.8957740566311891,1,1.0,-2.3758114191652973
-0.6727848276422612,-1.1433198626097991,0.4584485333588918,1,1.0,-1.389120065701178
2.3232866933752674,0.3773687363109549,0.7503145430714943,0,1.0,2.046239708561885
1.1432250276220213,0.04773960436271962,0.9516137130138519,1,1.0,-1.7745266720128348
0.0027022400581697137,-0.7596900555407826,2.0663533266187173,1,1.0,-5.266066200943856
2.0194231113997234,-2.1972022585927933,2.19257431081879,1,1.0,-3.9057919705906103
-0.6727911962477224,-1.0352277447759726,0.8400518017377827,0,1.0,-0.4660501679281859
1.7465947652257723,0.8705522520289317,0.031119494163060146,0,1.0,3.052599001411501
1.353825390318937,-2.5106297225006644,1.5317663342010173,1,1.0,-2.118002018252806
-0.04222676527111571,-1.2290200996981886,0.6683206530670844,0,1.0,-1.1407572117958336
0.7327303449013862,0.38626730992437186,0.6433953501998976,0,1.0,0.8875989214495119
-0.9077334555268375,-1.560633108424901,0.6183608875961566,1,1.0,-2.7740589688215715
-0.49850493863117246,-0.1131954771193065,0.004800049520169658,1,1.0,-0.06268473577314737
1.4450572592302575,-0.5742994294990004,2.0266542671273022,0,1.0,0.5857126234702967
-0.04556957842798795,-0.2370466617643679,2.366891359596863,0,1.0,-0.45663025635439475
0.6918710259170733,-2.292698857057082,0.7011996676626441,0,1.0,-0.572673104356091
0.5169349180894793,-0.07494881556306465,1.553753001696335,0,1.0,2.6263404061513573
0.3704585615247876,-0.8312779347901875,3.600159671528152,1,1.0,-8.293119163864331
-1.3876955744308521,0.1684452883987465,0.5429316176330647,0,1.0,-2.061240236774247
0.6053089816692767,-0.9899352178193358,0.16551219825446128,0,1.0,0.4200770129775288
-0.7313397860076829,1.8401512716960475,1.8295141299923292,1,1.0,-2.946591743821028
0.7704255944457665,-1.1945239341853982,2.7001841776753523,1,1.0,-5.241850207269503
0.4067632441419461,-0.9275572770914182,2.169246787798693,0,1.0,0.21617639400456468
0.024048823572620198,1.0668321126627394,0.07235001063768953,1,1.0,-0.7392139401152182
-2.2872089644120086,-0.5967033743225919,0.42107302556603393,1,1.0,-3.96770918995648
-0.27176603485356476,-1.0704114168568872,1.035959437376944,0,1.0,-0.0949874057212069
0.7839711558395905,-1.1644043135409974,1.1094508963156517,0,1.0,0.7274654726480941
-1.3567738336051474,-1.6162867792224,0.5440382923380234,0,1.0,-2.596095626786907
-0.23996711233031132,0.6925565924797703,0.05421978724086596,0,1.0,1.9320196995246535
0.5365597268035533,0.14157755799111715,1.5393800191203382,0,1.0,0.6415999595557282
1.2779652161151882,-0.4331496772506139,-0.5461938034511102,0,1.0,-1.8853192829774896
0.02737914175814196,-1.023565824546009,0.7035230298553345,1,1.0,-2.1662265708616366
0.5647770004403595,-2.012025422102478,0.3567457112930181,1,1.0,-1.6503764697285803
0.17310326438279508,-0.5578849074601163,0.8322343240181864,1,1.0,-2.1391699409836837
0.03652459230887525,-0.5212975737171192,0.7296046114728363,1,1.0,-0.4859427801008369
1.6779172836736314,-0.6761337515789875,-0.10460278335451922,0,1.0,0.04364394314066766
-0.41532719750939134,-0.28824304883233953,2.090757704912444,0,1.0,-1.0579128323102431
0.7259019045940178,0.4235520308861528,2.111470690604362,0,1.0,0.2964078306523724
1.1278891617195903,-2.5188957672300982,0.7197794797358201,1,1.0,-2.5260653849306185
0.5889272298204173,0.06625716705226181,-0.22616257449190247,0,1.0,0.7688509499465542
-0.6129065400800602,-0.6506184263513306,0.7283754593714649,0,1.0,-0.5594895736880825
-1.1187631586330111,0.1029864232092863,-0.36706361125450226,0,1.0,-1.2916772142360375
-0.08436209221599328,0.357016542269911,-0.36277187766324137,1,1.0,0.3071057087084633
-0.45980522632925386,-0.982080877617827,-0.13888509449132547,1,1.0,-1.517936534151885
2.6624635014215907,0.2603347562539424,-1.1441567274851856,0,1.0,2.1804816984125206
1.6318871803938977,0.19146296933356066,-0.11959333794161431,1,1.0,2.7349975408867815
1.6879345431323622,-1.0124700150682977,1.1511183170948511,0,1.0,1.4270284220379983
-1.3939005206604755,1.076707510442464,0.22581997443473445,0,1.0,-2.0024143094981897
1.383913184982098,-1.2424447872236315,1.5493892054732248,0,1.0,2.784246759599302
-1.1619273102617924,0.9463032676060572,1.3486540236980025,1,1.0,-3.726217495680465
0.04062342012018974,0.5583805330826985,2.0501647899142013,1,1.0,-3.0368614661893654
0.6033031149250724,-0.7261836891755432,1.0150728939050468,0,1.0,0.23446924474145048
1.8696203377793867,-1.329425695121282,0.10010573970435177,1,1.0,-1.1813463163890932
0.028122849563729152,0.42233893954273327,0.9190975289903616,1,1.0,-1.1232168159287303
0.13490870469992636,-0.7767536092917434,2.038617367942381,1,1.0,-5.348282835043959
-0.5799953130357232,-0.08148080075653763,1.9681661534682502,1,1.0,-4.345306520736244
0.6405141835741005,-1.68974504082301,0.7680737111110533,0,1.0,1.4939256296572503
0.2549574377061899,-1.3070652757983643,1.94407301358454,0,1.0,-1.2005278501628918
1.719822194339233,0.013937898309802632,1.2765499639533167,1,1.0,-2.2849631612884247
0.3542378007415743,-1.0961654630743314,1.3404651539672658,0,1.0,-1.5679286982788756
1.789490574680472,-0.49117376172374827,0.9336498884405212,1,1.0,0.8118183505739944
1.4557114863471623,-0.7106501627636804,0.108851518539678,0,1.0,1.1835778707987905
0.6038023921761383,0.5945623710926902,-0.01248619072330781,0,1.0,0.8041089130306499
0.4121828342257151,-0.103251054971709,0.3116949721581017,0,1.0,2.726150179752537
1.108741981357332,-2.957876681025522,1.9245272298546836,1,1.0,-4.294751341960053
-1.4576729054805682,-0.8044918604001952,1.7988429584183452,0,1.0,0.5707092185737148
1.8754833932699766,-1.2138445528463797,-0.6733123063374025,1,1.0,3.8307435493953528
0.12517946624617463,-0.20473661091841588,0.6705703066485865,0,1.0,-1.566781117370578
-0.6029179387394434,0.33211564395598525,0.8442404548959902,0,1.0,-0.019121692905831433
0.5540930326359165,-1.906303407398556,0.7318697023842036,1,1.0,-1.4221575485539208
-0.7212152187968244,0.1302281378682424,0.39807753853936495,0,1.0,-0.06320351549021486
-0.13920072966330443,1.8041769179845897,0.789262569375235,1,1.0,0.08629653169462981
-1.3516323107339936,0.961652796007187,0.3471625217815244,0,1.0,-1.624782411649785
-1.508841028474564,-3.252780317416721,1.0717961398177074,0,1.0,-3.2396460266996394
-1.1223229794980765,-0.7271761652442961,1.372455697651032,1,1.0,-3.903357765722016
0.6727322889256153,-0.9590062418964471,1.328362901881796,0,1.0,-0.5813694543525756
0.6177839982024419,-0.17521555338444939,1.1292710239269153,1,1.0,-1.9037679136717804
-1.0228748907531682,-3.7346802098060405,1.8254528329551383,1,1.0,-3.461756812489677
0.04077723668172978,-1.140352946796297,-1.1623019831100632,1,1.0,1.2367000964384443
-0.10430695228763598,-1.8436648801155917,0.6371374555126723,1,1.0,-2.541879439601762
0.2148557223641396,1.1635124932458685,1.416683174090032,0,1.0,1.7625290540406966
-0.200093918634486,-0.34215509104828074,1.3294585396484668,1,1.0,-3.4496587517030384
-0.9096427502124051,1.0599638730556995,2.1458120257795654,0,1.0,0.5307686103452771
0.027781657502547824,-0.7728343330565653,0.30563276954685636,0,1.0,-0.4064301782019718
-1.0049724021826185,-0.5634664048163653,0.911332096988613,1,1.0,-2.170956105334411
-0.32254808194557155,1.8481580318997453,0.6048249550904706,1,1.0,-1.3590639156478392
0.41935533851231954,-0.7708485439969364,1.1876944292574216,1,1.0,-2.4522114435716933
0.3958363536693776,-1.5060721277632187,0.8149445310359389,0,1.0,-1.182532592110992
0.26265736911849014,-1.412948061455796,-0.8798641267748684,1,1.0,0.1873344674617925
-0.12556462437626797,-1.1764483483622716,1.0604771628910732,0,1.0,0.8315533260598231
-0.08381090943195646,-0.9922232574482632,1.1259571967911004,0,1.0,-0.6661946473635498
-0.5575024218809548,-0.9836952656655733,0.0995210435755377,1,1.0,-1.94423500432386
1.0027037307112785,0.20520976407444746,-0.09952348226990915,1,1.0,0.466864248002005
2.4789930837530507,0.41134912328710294,1.7035687221846314,1,1.0,-1.9775147043767554
-0.0671568275033278,0.2953629646772824,0.6216669452081464,0,1.0,-1.3209073162774065
2.3230774211730636,0.4235470560194786,0.9335035414526092,0,1.0,3.652998928990152
1.2475090593317322,-0.0696845176047019,1.236118482728663,0,1.0,2.1679086576056283
0.1451310762640516,-0.21660441649853673,1.6206321879865961,1,1.0,-3.343125908392566
1.1389616507358387,0.45325762035323236,1.0153193637879867,0,1.0,-1.0413810002678718
1.1699079481530412,1.8133400819533532,1.5099326904131722,1,1.0,-2.6742454661767607
1.4288797971733314,0.9555189306083034,1.6939562374015391,0,1.0,2.340266516582924
0.7072354060387316,-2.052907808905177,1.031182457162939,1,1.0,-3.6338485467831934
-1.3285944959659446,0.06810012893969575,1.4803958442936107,1,1.0,-4.030706677552262
2.1254315215045603,-1.3413933844962629,0.7554398551733087,1,1.0,0.3623327423155094
-0.05290963266023002,-0.06536968476275501,3.248205387808996,1,1.0,-6.3465520120096635
-1.7620168738872246,-0.22849073084672678,1.6489480892495632,1,1.0,-4.531633887753901
1.8113216067389692,-2.6093237177115047,0.6602744779765249,1,1.0,0.3647303944554683
-0.6457322684999975,-1.8878307291550094,0.7721548856669412,1,1.0,-5.23147393362168
-1.0948743770314169,-1.2360506938286107,1.4532638273582559,1,1.0,-3.709392244467658
1.2601122682646808,-1.0089409625231904,0.20726813211946393,1,1.0,0.8791615381886196
-0.36300102786509186,-0.5965709940802916,-0.31385932074779643,0,1.0,-0.5630786840241678
0.12502514730032124,0.9880668228713159,0.8784860105767878,1,1.0,-0.8230779829550743
-1.0661774611267418,1.6978003731242155,-0.8193050063724765,0,1.0,0.9650265077052369
-0.839283430583802,-2.1909397398347386,0.8989440884868601,0,1.0,-3.7684011067371976
-0.06054200010708877,-0.1554351000222144,1.3178679268046243,0,1.0,-0.1449541872278259
2.016663600580661,-0.7294012129795042,0.9305515456416842,0,1.0,2.0115125466374466
-1.4089590922520951,0.23289300092507925,0.7749377513477358,0,1.0,-0.6949426885555207
-1.0043573778918538,0.12899457454999497,1.7669027858039796,1,1.0,-5.030585230533224
-0.39302778482759265,-0.7084323620940931,1.2331616842644888,1,1.0,-2.593706936885382
1.830182858288243,0.0855240407374449,1.390988431811611,0,1.0,1.9605849595360534
-0.08831441964558268,-0.4603958283357432,0.29070760403489115,1,1.0,-1.9686933115237195
0.009712076636662015,-0.6533761053263631,0.40712910721130535,1,1.0,-2.281523718596876
-0.1626707186164913,1.0571634870370936,1.7053461239312213,0,1.0,-0.32439059307089235
-0.5706918090026958,0.43002773111764214,0.1656034109926422,0,1.0,0.6852740889994663
0.29662809380945465,-0.41882959209803894,2.7728722384865385,1,1.0,-5.738395910931183
0.6578045122620302,-1.5611220178365175,-0.1298295486874229,0,1.0,-1.5962139294434223
1.0021230335269156,-0.45774766669157724,0.3539002500282263,1,1.0,0.20572262482528492
2.3491632843803743,1.4286292124669298,-0.3994504429206407,0,1.0,2.376195718312541
1.5387958944017441,-1.662328451348487,-0.7407578672723458,1,1.0,2.0027027444969008
0.18338680216343783,-0.990277254976857,0.13892448709439176,1,1.0,-1.1572329380535762
-0.6368238080750575,-0.537674461726988,0.26063876392848395,1,1.0,-0.4956526514082694
1.3052350387513492,-2.034796534724806,0.49511133724905093,1,1.0,-1.2971516144015292
-1.5627334665852706,-0.10474425342052157,2.0733311662463696,0,1.0,-1.1825471873987499
-0.11450808415672603,0.20180773168435628,0.6422896191028516,1,1.0,-0.2159887360704109
1.4872633132290443,-0.545190952008052,1.7013377856695593,0,1.0,1.5158654851269893
0.35416114717283786,-1.9455338011613064,0.1342193056054638,0,1.0,-1.5537878409110268
1.9299772396569137,-0.6330596115356779,2.0906888019187475,0,1.0,0.8293649335079223
0.9924279542962324,-1.0057308759734616,1.717034401841588,0,1.0,1.0990703186715183
0.5527483820669479,-0.9797873270289303,-0.056683121201732134,1,1.0,-0.4159288042023589
-0.5904498432581864,-0.2141503275468748,0.7574678966908314,1,1.0,-2.299630294928145
-1.7508108303795038,0.7477390559124706,-0.1381657406776542,0,1.0,-2.1227394158759494
0.10256394486743074,-0.6083422542207518,0.03634522254392958,0,1.0,-0.42869104069798586
0.18943926160990768,-1.5034178714976434,0.48904647620671404,1,1.0,-1.1194719417906887
-0.37217968100003856,-1.9929837398931303,1.0018311200501102,0,1.0,-2.280350461473018
0.9312737321172051,0.5748486236136572,-0.6137993499704006,0,1.0,0.9787397349486505
0.7634504835980471,-1.2989175183792476,1.5826941823698006,0,1.0,-0.8760265500996658
1.6602300786645359,-0.6927459424604145,0.6326108318826944,0,1.0,1.814492080286732
0.2242748713583743,-1.1090504992350665,2.3954357020890784,1,1.0,-6.119574397947744
-0.1653174380437486,-0.2316552007119831,0.6874806216965563,0,1.0,0.39003595533465285
-0.3929568414792716,-0.23225540628913577,-0.4288073813589026,0,1.0,0.4163941932362092
-0.6712144529949116,0.6150328351027246,0.33567720457852535,1,1.0,-1.1652361213489106
-0.9124752917546817,-0.37964906869005594,-1.3477485501594602,0,1.0,-1.0260249294260089
-0.35423685133720934,-1.6985226603918138,0.44993404758464306,1,1.0,-2.5552319830578183
0.7493256671122808,-0.5344334439157575,1.114201176165886,1,1.0,-0.9653815738627254
1.877682507242789,-0.2769227831648825,-0.09997695710836274,0,1.0,1.1275188595743888
0.46134343074869727,-2.193374933189851,0.5060335931468798,1,1.0,-2.482356790082176
-0.19616835546303002,-1.048761145153245,0.7367613081589135,1,1.0,-3.095290394028246
0.28159101945695686,-1.1309756505270054,-0.15412523278397505,1,1.0,-0.9902824001817727
1.4928613438234455,-1.478754071096671,1.9269497746764197,0,1.0,0.6467263058916526
-0.27086561665333625,-0.3595156191443557,-0.5420996763398012,0,1.0,-2.2366623821821743
0.844286588560011,0.38045828019039263,2.8910274913050555,0,1.0,0.14930111171900418
1.2928186833091992,0.6003773089454241,0.39914816268720327,0,1.0,1.903716618414951
-0.019620192718793755,-1.6126841839970933,0.8692622536985994,0,1.0,-1.0809155954260077
-0.755145569796382,1.256026900745021,-0.2997808775493982,1,1.0,0.0905422189758513
-0.03053778447709629,-0.4405761854661027,2.340039211875139,0,1.0,-1.4034801822801994
1.5797990871439294,-0.5970631574050591,0.6384102878906027,0,1.0,0.578967438839042
1.9997789450020425,-0.6526282620047671,-0.1248889905770112,0,1.0,3.01644537835384
-1.66773189177374,0.011228360041941943,0.12047598788865821,1,1.0,-1.2743719699445473
0.6545924020095433,-0.9644650073495319,-0.2867210018922388,0,1.0,0.37713073574778544
1.6826975979186602,-0.47831766259834735,-0.5733468351106872,0,1.0,1.9318801129755836
-1.874786063465664,-0.9303324839894174,1.8536113238469965,1,1.0,-4.610190484946008
1.137946527596982,-0.3701920943975634,-0.6047319003389213,1,1.0,2.7623963901847355
-1.1973711983065962,-2.7827491347438174,-1.2539559443106112,0,1.0,-1.8693638926126206
-1.3508117875394483,1.1320847843405752,1.7791716029308886,1,1.0,-4.266412494218528
0.05068752802270596,-0.3483920075718039,0.5160824885255049,1,1.0,-1.9213843071800956
-1.870867246328438,-1.1274795313378771,1.6160937219611298,0,1.0,-2.4484657694914955
0.6110523577824676,-0.04513441106406019,-0.5217276650935743,0,1.0,-0.42795198367663523
1.0782868808291175,0.19010444923527625,0.6342802885823071,0,1.0,1.3474537191440255
-0.06760577969446818,-1.774626661821493,-1.538544772611924,1,1.0,2.4166228195697976
0.8618139762153054,-1.8475442863110216,0.7018319641193121,1,1.0,-3.1448072696640885
1.0034768364644544,0.3660335631406565,1.2657770369045025,0,1.0,1.6725478546107353
-1.5071279138318496,-0.33945441837006496,1.0644980617548376,1,1.0,-3.872368154585196
0.2630568268599264,-2.6476984731054647,2.1867190880037635,0,1.0,-0.9302304253084741
-0.9651737938795824,0.6149770353955881,2.177482601588233,1,1.0,-5.600479986331255
0.20546086770284375,-0.5847361494907874,-0.890808414435958,0,1.0,-0.38133255412511513
0.3184143822768485,-0.04587141818202717,0.372874421355929,1,1.0,-1.3222242608348656
2.6595137256272587,-0.3467439639619334,1.3883615711485962,0,1.0,2.8663641913730538
-0.4440532194384102,-0.15506310493583791,0.020395389318626722,1,1.0,-0.17367494295197866
0.7043455189974592,-0.4002016585403158,1.2839713205021595,1,1.0,-3.1727593831274747
1.5627905793171468,-2.9823286293345332,2.1526058494991966,1,1.0,-5.036700691796947
0.4992135444029828,0.8920287356459284,1.6852702819176022,1,1.0,-1.5672958297075061
-0.29035678342550497,-2.032570528942196,0.7500598042511373,1,1.0,-2.866452607249141
0.6219268838047143,0.7602798951485485,1.6384401962223822,0,1.0,1.6934125160164026
-0.47704522136156174,0.25763563902795084,0.6443539177756168,0,1.0,-0.8124216574496508
0.605879563380197,-0.840085168506397,1.712269260893395,1,1.0,-3.7092968019606567
-0.44589421562755865,-0.8785693938164624,2.150432518320099,1,1.0,-6.365645171427338
-0.022197817967937572,-0.8326857872096056,1.5794734156621855,1,1.0,-3.441592336381952
1.6756780533385516,0.023245033623548905,0.3705423654128545,0,1.0,2.7489574805519545
-0.3566170213111493,-1.5702306548347271,-0.8733771504197962,0,1.0,-0.6618875409155975
1.196981405964065,0.10405783094592025,0.3895625727730318,1,1.0,-0.15611449180065062
-1.2386387842793203,0.22086182110598007,1.5550448842366804,1,1.0,-3.520427502811965
-0.09541819346570796,-1.1482466987934377,1.2565790982218394,1,1.0,-4.373145857621422
-0.9682646108196771,-0.3067259975335189,0.37668885334823315,0,1.0,0.029867843502467073
2.7881355150200537,0.6648360744100779,0.07391376202036759,1,1.0,4.10989091836953
1.1137920595440207,0.7648892323967518,2.7052660403666726,0,1.0,0.24658407890661516
0.7130703133954719,-1.2365927789528564,0.5515340347235502,1,1.0,-2.658599648530326
0.1260597798962867,-1.689461470629892,0.08527619220858251,1,1.0,-0.9928722746410397
0.39438649113311786,-1.1465661736593504,1.147125083172655,1,1.0,-4.467412019817704
0.16664765203773518,0.9728951184337822,0.5310381264278884,0,1.0,1.9161751679752799
-0.5393095901685387,-0.4530793619086346,0.7595544605112954,0,1.0,-1.5017311045923945
0.8376913865909978,-0.06637457083001824,-0.23394658828194914,1,1.0,2.5730668387175277
-0.8758485051987743,-0.10882138875299513,1.5672642514086192,0,1.0,-1.5095633904894634
-0.8000726778283449,-1.2339039383543273,1.7833949707443242,0,1.0,-3.6460840902992544
-0.6340227367634883,0.3320425676108304,1.6835931166401803,0,1.0,-0.3672387399223328
0.19015274152537934,0.5293060494871031,1.9766440722293697,0,1.0,1.6313985106314404
1.3101506186040712,0.03628516949487559,0.21930359900528773,0,1.0,2.504263465040316
1.7796489440823846,-0.734463585972569,1.5040726676034906,1,1.0,-0.9971888125423399
-0.057267125848774525,-0.9756684208190174,1.0230453924479481,1,1.0,-3.32628596139402
1.0024405913978527,-0.5266596316039815,2.2175771508586752,0,1.0,0.6242415292582584
0.4703524066700026,0.4854065155466899,1.4856576649332736,0,1.0,0.20073750104247046
-0.005930180288358039,-0.9312778597541529,0.6715673894260124,0,1.0,-0.09166330488462732
-0.8616521196222018,-1.548902822982873,1.270886548842267,0,1.0,-1.7796112537634143
-1.9445348600024268,-0.6404192650392995,0.2684566148048051,0,1.0,-3.1859211063585686
-0.099816073453672,-1.0430550169886943,0.03247662707926502,1,1.0,-2.4272105337353036
0.9915282854193117,-0.6331810562967423,0.7304487895191936,1,1.0,-1.20032562294138
0.4468956760777921,0.15198294225227194,-0.9090151336750882,0,1.0,1.4453354055442478
0.8413385242724853,-0.2383347019404244,0.6214439629174916,1,1.0,-0.788336260851612
-0.10548894941091469,-2.179293196424352,0.5044442260956543,0,1.0,-1.3954298353113992
0.6614299863548958,-1.584623207763769,0.3189015308523664,0,1.0,-0.6444273563718824
-1.1126096635806824,0.9721168552471116,-0.43276883951156364,1,1.0,0.018434824595177396
1.3910052954447578,0.3601204690315697,1.223164633866162,1,1.0,-1.1580310478281484
-1.1287565827507562,-0.3460111030293199,-0.35349401756032184,1,1.0,-0.6252148005709575
1.7196882477022675,-1.189576554961285,0.6358591727514591,1,1.0,1.0155204594097456
0.709882464690412,-0.8724878305192214,-0.47775568348497455,1,1.0,2.7809478830973813
-1.2586740126488105,-0.7350764163560373,1.7252198419840812,0,1.0,-3.2194400246101376
-0.22865274312370482,0.7532147905777729,-0.06269755030875956,1,1.0,-0.35903193640260705
1.3700900609518587,-0.18786472922951442,1.323569773738991,1,1.0,-2.7935363979481873
1.109486902630084,1.3462152400978384,0.6491706468966446,0,1.0,-0.0533167198954676
-1.2116798990273623,-1.059492137697413,-0.0866011694236507,0,1.0,-1.4795290054339463
0.6835220455594596,0.15392682708139138,1.747951117146453,1,1.0,-2.835813835710227
-0.18219501584568,-1.3697158780796526,0.4960839859761049,1,1.0,-1.3760094322676824
1.4955597488568724,-0.861530835270412,-0.2780859513662346,1,1.0,1.5509172688739308
-0.368547283548645,-1.6563843631680413,1.6065428142068172,0,1.0,0.31324303899114625
1.4671109571205188,-0.9257505887270854,1.7732508917043712,0,1.0,2.6283061937030157
-0.8464175405147403,-0.4037896512311533,-0.2320936649351577,1,1.0,-2.0790308195639593
0.20466140155156975,-1.4370089931954675,1.226164402049993,1,1.0,-3.448571151278132
0.8118683425448607,-0.11822352651452689,3.0602758291647296,1,1.0,-4.445341287480931
0.5156201649179458,-0.7252630462671386,-1.2973534650787995,0,1.0,-0.3024507564473745
0.7687285288419483,-1.1524789911465245,1.8114949714257171,1,1.0,-3.676583906135962
-0.5546076711538535,-1.525396541965281,-1.1486855585766045,0,1.0,-1.1144192857415947
0.0650491281625572,0.17054663373916124,0.8256022223771358,1,1.0,-1.248701924249273
-1.3096982783977102,-0.808422569158881,0.9705109165981793,1,1.0,-3.193293930304768
-1.7708850048169833,-1.235148700487472,-1.039855896020718,1,1.0,-1.09482241646376
0.40040910021973847,-0.7988946395893661,0.2947301497479192,1,1.0,0.18177502392025535
0.7936186055028178,1.448335176521773,-1.1304959929630893,0,1.0,0.2610440064167203
2.2603765384703043,0.8800769862414188,1.6280401666043343,1,1.0,1.038235109926586
1.1003074230983294,-1.710728654566715,-0.40761383044748656,0,1.0,0.03743822422864099
-0.024342946643107044,0.3491678951000211,-0.04182658092800007,1,1.0,1.7371309847461924
1.1988876732611684,0.20676887187257154,0.5098402571210641,0,1.0,2.1218539641089738
1.8019644907936265,-0.5341681668528439,0.0030225540836216203,1,1.0,0.17788753913846023
0.23327588647510472,-0.7402661871495068,-0.16175304824424508,1,1.0,0.8019960818506257
-0.07973286826657622,0.03483605231743425,1.608042515074794,0,1.0,-0.3031924806292872
-2.7306504989533265,0.1069294458595631,-0.07795960436919258,0,1.0,-2.1228715811761054
0.8457080441031857,-0.4965226601205999,7.798831819270102E-4,0,1.0,1.0207538849405364
1.1507179183888796,-0.9888128668160469,1.9914587042492933,1,1.0,-4.110605496846875
-0.3313851123734081,-1.0600054205899045,2.533367245753153,1,1.0,-6.636039461363249
0.698055997999189,-0.009803321682667177,0.7547300656875683,0,1.0,0.9869755916400882
-0.27549182278268003,0.41906678750216897,0.035778616296117116,1,1.0,1.2745091176041405
1.3808773772192209,-0.3767815879898462,1.591264938338445,1,1.0,-1.3442770522243404
1.0045978750742734,0.343483267625866,1.4778347741122926,1,1.0,-0.2750813487828012
1.0939310535271045,0.3204037399884673,1.0330253630970834,1,1.0,-1.5629340492395518
0.22042573307546376,-1.1073347289054944,1.4255517779422666,0,1.0,-0.07629649463195942
-0.09746480074534197,-0.42109567274023074,0.3425609780181079,1,1.0,0.1834414951649045
0.6625564163436191,0.6175418955053329,0.3749997277604348,1,1.0,-0.25476222279197186
-0.3759790589799133,0.5612687767691502,1.2013347045251126,0,1.0,-0.017768421696753092
0.24649276705509324,-0.9896455316226842,1.270078698191325,0,1.0,-0.3375615274278362
-1.0180264719814016,-1.2770390801883704,-0.8125080767407407,0,1.0,-2.2040965101084593
0.9768034616933237,2.59136609423464,-0.4040136432789312,1,1.0,1.728547673505279
-0.18361808053331952,-0.8345671236530448,-0.4641694152833471,0,1.0,-1.2746945992053051
-0.31701798073650495,0.8512850801068477,0.37055124054097766,0,1.0,0.7739536269688101
-0.6408011865310697,2.5327850908940386,1.4317178837030415,0,1.0,-0.776180035605238
-0.5768867029014348,-1.6873260383704336,0.6136533159742417,1,1.0,-3.2331481364455303
1.038283774286254,0.7836210170990996,1.5394640050289512,0,1.0,1.0652131984375701
0.39774550944952736,-0.03904951906837473,1.4708526434748488,1,1.0,-1.7357427635294334
-1.122020093585897,-1.2472143882526594,-0.49743603346858634,1,1.0,-1.7940069822846132
0.3343518270377959,-1.2680591554552825,0.7186963548962146,1,1.0,-1.3479375432069234
0.7266006033053001,-0.14629540284510806,-0.46964143080395404,0,1.0,0.9971741030396322
-0.9751822420026992,-0.39106676683357783,0.7848521482628307,0,1.0,0.31040166065230146
0.2705564146253825,-0.6748170627113683,1.3679616173770557,0,1.0,0.6507798984441601
0.550547248428128,-0.3210866827134051,3.0664687718015182,0,1.0,1.7247134371754758
-0.4707170003828593,-1.6936205361869758,2.42788746256027,1,1.0,-5.776639423900194
1.7699932029830254,0.0915841594340312,0.3813344561739905,0,1.0,3.3802409933597373
0.29066905670986715,-1.2361219082761679,0.8253693119746794,0,1.0,0.9369366734994666
-0.12462614914653469,0.01641628258796879,1.3033111232977488,0,1.0,-1.4524849775730366
1.5246157423792848,1.0627557774177543,1.52092865539378,0,1.0,1.2118958856293518
-0.5110442464754807,-0.15365828636609696,1.1427424664489125,0,1.0,-0.17188006429277913
0.5919174546710544,-2.745778806897428,2.093593538754729,1,1.0,-3.149893420079214
-0.7299941462665289,-0.7270803920246585,-0.20426568999667127,1,1.0,-0.03378187579755054
1.2058163682540037,-1.5456287265785147,2.524179402266973,0,1.0,0.05521457781693667
-0.3228979818284065,-0.9259561207012441,1.4840970476308826,1,1.0,-4.9685367697579865
-0.9358361613895883,0.1915646839615709,0.5698271660476778,1,1.0,-3.031791079838751
-0.5706841313116504,-1.8842631141493582,0.1471287637986627,0,1.0,-0.41979845380333036
-0.464219987386471,0.5063591095825952,0.8807987120174516,0,1.0,-0.8566738545478421
-1.617851432283705,-1.304416395893293,0.37772917306895054,0,1.0,-0.9133052704356122
1.874046795381714,-2.2708489812716115,-0.05872800293756475,0,1.0,0.20589113042672536
2.033657851945327,-1.832062834972212,1.2124710251760786,0,1.0,1.9346748171236112
0.5454272824526287,0.35534934676830776,0.5262585485463864,1,1.0,-0.5233764815792767
0.291793052484607,-1.9433827847916778,1.4174061988883446,1,1.0,-4.890604560992211
-0.3814213017072913,0.09584988386392479,1.1840636276092997,0,1.0,0.21780514527580336
0.941599612066292,-1.3819032553032429,-0.6038916203787699,1,1.0,2.2577000528191355
-0.7986050212036919,-0.5220780192272981,-1.1229761793545943,1,1.0,-0.8428486811427331
-0.5383943256451491,-1.2362215322619114,1.4826589547692137,0,1.0,-2.1766244615375996
-0.5495982351215778,-1.2367415131827186,1.9705593299278097,0,1.0,-1.4936035776259964
0.8016692196055717,-0.9804860065703676,1.8876984554486151,0,1.0,1.415603476894522
-0.32703714267893985,-0.5430299776444728,0.027549863536210473,0,1.0,-0.4877678683275944
2.095845907098793,-0.27989367489007005,-0.12466809764808517,1,1.0,0.7672762619069611
1.196386215155353,-0.8504058835366972,-0.21803824717188625,1,1.0,0.6234520273480803
-0.6969559839036394,-0.7850812637623972,2.3909548036882047,0,1.0,-0.8157639729303429
-0.6201179055174306,0.22055325177720508,1.0120857158218548,0,1.0,-0.21356755390915116
0.30976563116463474,-1.1940104993178569,-0.7807272575489861,0,1.0,0.23614113417966787
-0.7172235430722886,0.17415802472425934,2.9805364580120868,1,1.0,-6.215848159271568
-0.6105685459386507,-0.17893108017771003,0.7909467399613469,0,1.0,-2.4623196933568883
0.04710552420081718,-0.6635964289273372,0.30271818933750494,0,1.0,-1.3320690105333886
0.30316983824511223,-0.6253667764722376,0.8593359318184688,1,1.0,-3.5457010948046834
1.9445015246839679,-0.050752036904224085,0.0030894298401596965,1,1.0,3.0331124463192563
0.19761245680068257,-0.7122183987023856,-0.21167269084131424,1,1.0,0.6424074835750698
0.028211355557490686,-0.2081518119763423,1.0845735763240008,1,1.0,-3.8676996242513066
-0.7048091781248385,-1.844883461482468,1.1621496939704539,0,1.0,0.4686637978145527
-0.019692829821347485,-1.0529455692196126,0.39925443130693433,1,1.0,-0.9498713979654865
0.7526008926635064,-1.2668222258110378,-0.46199689993410153,1,1.0,1.1868470619064817
-0.43565659247441185,-0.8097082481699742,0.7253611225661063,1,1.0,-3.712374265159334
0.5263285444519524,-2.0307957300419135,-0.28180781143446776,0,1.0,-0.3934032088970093
0.6315629566933931,-0.8945620516782538,0.7188149811756998,0,1.0,-1.362563093488718
-0.8326078132568713,-0.3196628681323799,1.4507840812387136,0,1.0,-1.8427270388738846
1.7604393972678518,0.994870519932018,1.458004106054421,1,1.0,-1.3812661955885495
0.030400176661995987,-1.0496593260446523,1.4972837433341026,0,1.0,-0.5740717598884642
1.1015657104679968,-0.27595477552134207,1.6514646276627782,1,1.0,-2.421868718689354
0.7343578545752585,-0.23325050332751285,1.889230521413433,0,1.0,1.6354924894698268
-0.3847017698715151,0.22015478974446157,0.8010482110516308,1,1.0,-2.3978376117433378
-0.6464811089631843,-1.9613840104509068,2.056945530564133,1,1.0,-5.508201437879214
0.5224949514213887,-0.8375182875549595,1.135335384592572,0,1.0,2.235791907657002
0.25661028261780094,-0.47652903566322763,2.062575368661113,1,1.0,-3.255655533800821
-0.3193687629126038,-0.731150078475939,2.0816919830317326,1,1.0,-3.959525030808408
-1.412689214871418,0.46896191617706084,-1.0992461361748154,0,1.0,0.04984390532714911
-1.2297520155853165,-2.9488869663882045,-0.3019630358181564,1,1.0,-2.777846387533402
1.0014356766804298,-1.5869954488300408,0.7855949592674564,0,1.0,1.5412430314546528
0.7353214720014243,-0.40150632273551773,0.9502708274998625,1,1.0,-3.6613709982652516
1.5572262966094255,0.08434131053449068,0.9158548445349904,1,1.0,-0.23017181586756813
-0.09919061244670463,0.26658576907610454,0.5459593741988868,1,1.0,-1.407051222819225
-1.0410950145073903,-1.6132675991377248,0.3020821615010196,1,1.0,-3.443665463002944
-0.0405509446251332,-0.2079672763674828,0.5390703584602525,0,1.0,1.3132091123867604
0.6698622919275945,-0.808423575928344,1.38861881068321,0,1.0,0.7565111840185619
0.12251930021890857,-0.7646829215531751,0.547196069260725,1,1.0,-3.4461851242299204
-0.6390766022432135,0.8740028175710828,0.7016552143481023,0,1.0,-0.4140804532175034
0.11716972589107531,-1.0811156295410251,2.7462218414395485,0,1.0,-0.7731403168148817
-0.451531175473557,-0.7207448790904932,0.059057475507130475,0,1.0,-0.30693146827694695
-0.40880257365319744,0.05403878496433456,1.9394547474989965,1,1.0,-5.167484484926763
0.20400586646914076,-0.9216264627525277,-0.45148772998912623,1,1.0,0.9062247637725283
-0.20709801884022605,-0.12795288069726163,0.7036775292098582,1,1.0,-1.7830923052899759
1.322642692753732,-0.017557434314408094,1.3279804563582467,1,1.0,-2.4297722151601895
-0.8782655937103456,-1.4019748815094144,0.5140032261717152,0,1.0,-0.830169232331743
0.9901205828211599,-1.786434548592463,0.890841792666353,0,1.0,1.0557882960726075
0.30475960780863853,0.2708874592017232,-0.36128060692891006,1,1.0,0.24832665812039822
0.8477297472645131,-1.2574062983549927,2.6756655489283627,0,1.0,0.9945763189732404
-0.7171533781524377,0.21602833169522695,0.8175141687169012,0,1.0,-0.7827654340755399
-1.538685021760938,0.5323436362257099,1.6512891304184705,1,1.0,-3.5685042883667126
1.122673261682198,0.4859797173418604,1.9867285516031523,0,1.0,2.587591374549759
0.2576777477687049,0.935130746016795,0.14765567478161623,1,1.0,0.3528309144688112
0.9070225457039347,-1.6411869184884151,-2.196180920556798,0,1.0,1.3942798838174069
-0.06681859162716708,2.0713692111224784,1.4522747009864267,0,1.0,1.4348603944502647
-0.021448067610874533,-0.4327769934537567,1.9223852587473258,1,1.0,-3.5365304124104275
1.1287805471409054,-0.03643411057124907,2.399882950053738,1,1.0,-1.6904670294082134
-0.11202811910669508,-0.3698545886521698,0.06891045394659412,1,1.0,2.654440414091806
0.48842169814167774,-1.8205044342138061,1.418736765141904,0,1.0,-2.564168859843004
0.41803275689987174,1.9184983500514545,1.4977403182347038,1,1.0,-0.6154867443597247
-0.5261021542370754,0.1420266176950682,0.540268179663137,0,1.0,-1.3304500401705281
2.8636295537569807,-0.6396776280881663,-1.0870854629010815,0,1.0,2.5131054322622863
-0.3743233517622829,0.0938102101930014,-1.0198243546011578,0,1.0,-0.9619835407862358
1.9173431471851763,0.2243005353672034,1.7755492634674017,1,1.0,-3.229380478621642
-0.8447136584430328,-0.34583456078682817,0.9535857187915433,1,1.0,-2.712406769733867
0.6807115434519271,-0.2713886578465435,2.242528071280341,1,1.0,-3.515619167970546
1.3336151663125395,0.6481787338273246,0.7005866475306695,1,1.0,0.3384195521748472
-0.689036455288857,-1.2533382108779736,-1.0154643837784403,0,1.0,-0.6105712447220546
-0.4691902959316095,1.631202604308203,-0.6357902249632001,0,1.0,0.01069988936272176
-2.3219419952650195,-2.100382021366472,2.4936502494588826,0,1.0,-2.4114946693849086
-0.8450989140727485,-1.1026953881306167,0.29684731487476146,0,1.0,-3.1342948155485804
-0.281147574962221,-0.08589023909095617,0.047776601679642594,1,1.0,0.11615162992712269
-1.2772661109234762,-1.1638288459326365,1.3477950137899046,1,1.0,-3.3143523569190894
1.8721216480551066,-1.2608830397734232,1.7249350889955108,1,1.0,-1.682932979040308
-0.8118264221537326,0.32268135228290595,0.8768383872427404,1,1.0,-2.4311018953209187
1.3537333953075092,-2.224471499448728,0.7737436380972476,1,1.0,-1.1102987079875786
0.4141877552269717,0.021388285923458095,-0.6299198116947431,1,1.0,2.593020831978197
-0.6966787318841554,-0.3105392041897912,1.9971383163567238,1,1.0,-3.5802652860399693
1.468384398036292,-0.7669626528555538,2.9890700595677053,0,1.0,1.538408145377275
-0.9191970578242765,0.36245519695447914,1.3436386497853212,1,1.0,-2.6099127990566933
0.8851690455618919,-2.377740379598547,1.534869616845174,1,1.0,-3.7821894741666098
-0.8113610107790272,-0.9403408371416755,0.8810570600043778,1,1.0,-4.345019023779539
0.41162669961702314,-1.4817558017482608,2.5928328985074436,1,1.0,-4.758640386025963
-1.3498729693279798,-0.7806716626148693,1.0590924907118073,1,1.0,-5.252817440992323
0.7639551647086686,-2.3755332034239918,0.9991279561075609,1,1.0,-4.061860692811708
-1.2062469348566072,-1.318008357261824,1.5475449669771522,0,1.0,-0.7205455910496206
-0.41669461384715817,0.8831858120393317,-0.7539583325513881,0,1.0,-0.7305713265082165
0.8192643153889567,-0.9079956348635256,0.580719739482823,1,1.0,-1.9991529285498433
-0.39839502775897545,-1.2604267248937273,1.412481779004604,0,1.0,0.0557279865096425
0.5480036915813444,-1.143825123584569,0.886972540280714,0,1.0,-0.0360357756922087
-1.3672844487991376,0.45311840553063953,0.8367419711399854,1,1.0,-2.1262744431384735
2.2828763562487735,0.23624967316831647,-0.4089615785393026,0,1.0,2.934288158037551
-0.6072518617301526,0.2515283642677798,0.370961493395859,0,1.0,-1.3218717283411565
1.3616825890856636,-1.2914235008372157,0.7647591963091432,0,1.0,0.20058485522254577
2.2566755697955063,-0.2942826648207627,0.5661331580143965,1,1.0,-0.05573387533522123
-1.3022420621997737,1.2330439703762042,1.312094936007096,1,1.0,-2.3671035813008157
1.7847974146576124,-1.3532081449519144,1.8836353704926332,0,1.0,0.7166168530928189
-0.5127589977371299,0.7419244709439652,-0.12579085935665124,1,1.0,-0.07669419488644072
-0.8737191594409937,-1.4923606908269074,0.7874408301708347,1,1.0,-4.61243042293956
1.4101407622055744,-0.8190287441985569,1.3619715587750583,1,1.0,-1.4529017843128802
0.08868112110498756,-1.2045670862046371,1.693820447156451,0,1.0,-0.6552289555439716
1.1648974652748711,-2.1335223768352494,0.5288875318305288,1,1.0,-0.0762969321099638
0.41652093116396394,-0.3557842120131842,1.940932708900056,0,1.0,-0.21804872234482336
0.6201127961240904,0.004106766865930256,-0.2909106449486354,0,1.0,0.7312992507012828
0.2668926722367294,-1.8127609030250542,-0.06532832306042136,1,1.0,1.0510265651619908
-1.2998065417852003,-1.6495685535483684,-1.111275536744907,1,1.0,-0.4227266558625544
-1.854630004055357,-2.000283036255878,0.03563848818570514,1,1.0,-2.8036986337341805
0.8991710568290969,1.286233832662353,1.061753017958196,1,1.0,-0.4893471091790438
1.0761247079447311,-0.8362778478382918,0.6259941313555337,1,1.0,0.7251502309691029
0.07894234146907676,0.2962487132638537,-0.42683325231184854,1,1.0,2.5857929710209566
0.5280132771339292,-0.7068946950937359,2.273039117669163,0,1.0,0.26161220666289897
-1.1060257196402996,-0.002778517038651729,0.2178659580510891,1,1.0,-1.8972457235791689
-0.10480540559463253,-2.542341623307616,-0.4134149296249816,0,1.0,-1.263500027299493
-1.4485233193200464,-0.1873486573630742,-0.44819829396825717,0,1.0,-4.6590211077232935
-0.7629983542323799,0.2663465438005702,1.8607674445557836,0,1.0,-0.8910775506685442
1.5366307109566495,-0.8184594507665017,1.328143501024459,0,1.0,1.7705770241887349
0.3704251745147878,-0.8012621245461088,0.4512140735446394,0,1.0,-0.009820386521843309
-0.0653524920070061,-0.19150921754485795,0.5742783990276773,0,1.0,-0.899198128392106
-2.208707514438879,-2.7374960672540345,0.6968336025339992,1,1.0,-4.005142270064061
0.9829837559894246,1.4880717915702892,0.07271587352598186,1,1.0,1.8813959716330237
0.3934032454925687,-0.853185445450338,2.2333180333406313,0,1.0,0.4564302862842433
0.3548810926159417,0.6221599143252594,1.3770220041877645,1,1.0,-1.543390658802406
-0.4315164675250373,-0.444232648709998,2.141009507118582,1,1.0,-3.696538512520913
-0.6009223643979646,0.04796388087700043,2.2718162337655863,1,1.0,-3.6525520393812565
-1.1654727684407036,-2.057025501163345,0.9469721462912302,1,1.0,-4.627263744445902
0.6129183013162431,-0.42963138270420925,1.0881136862298892,0,1.0,-0.8359757458327444
-1.5021842604867555,0.9453459015014205,-0.35843297968820176,0,1.0,-1.0890992526593959
-1.0513007616550551,-1.051169619274106,1.1443693966742452,1,1.0,-4.891336254384383
-0.23407485459342703,-0.5944882491817509,0.1520133148026025,0,1.0,-0.49800758744702833
0.2807723091912918,-0.8853986505806489,1.7700026139346572,0,1.0,0.4653132309249088
-0.13885958636385703,-0.2476152846341837,-0.5097135104860846,0,1.0,1.551916648768358
-1.1164789161896502,0.3038396964103919,0.8080763786583539,0,1.0,-1.8583923782228071
1.2885896964375698,-1.465310911308094,0.831215469098151,1,1.0,-1.0858485613101325
-0.10353021358948766,-0.28347152668678977,1.7992628774373438,1,1.0,-4.864161213789003
-1.3932072198209664,-1.4840216713189178,1.4606424089768548,1,1.0,-4.61503545096506
1.7078649689837029,-0.2931566995542048,-0.34115826341653066,1,1.0,0.20092182642880907
-0.6525326389661188,0.14995956881616535,1.1302901029783128,1,1.0,-2.3268506480945548
0.031777273233257575,-0.3120693855969336,-0.3710256160225107,0,1.0,-0.7758756260133535
1.1769155595702088,-0.6316009063341144,0.7930070532714085,1,1.0,-1.5175084244354407
0.4170945269028797,0.6008313026577392,0.6386155807612904,0,1.0,1.2859660248875926
0.9442902677387963,-0.1916882296535059,0.8822238751939486,0,1.0,-0.6314374936884787
1.4851802280446578,-0.936326805185878,1.894502525991769,1,1.0,-2.165957719416605
0.22006807092614186,0.8685181491505505,0.5838052907174444,1,1.0,-1.793882016832562
-0.29835045930079546,-0.45091804307115985,-0.2772289637250225,1,1.0,0.3613618528589106
-1.4731481677170482,-0.7109556606040675,-0.6564055702820595,0,1.0,-1.7680207012753337
0.5307016617107935,0.1398612209604344,1.5883835810089644,0,1.0,-0.9672238591652234
-0.26980063564313983,-0.6135926603076972,1.950496090966365,0,1.0,-0.15826697292177871
0.4689208746241893,-0.05977063759127932,2.5176532271741006,0,1.0,-0.5475998645976086
0.49720312346226353,1.7442707090643954,1.2295091513726075,0,1.0,1.3680916630692004
0.945006818022537,-2.0482302649559125,1.8405727942888133,0,1.0,-1.7723370666551916
0.46656819816912853,-0.88957981160382,0.6893065072716413,1,1.0,-0.1790577025522193
0.8271150941587713,-1.5970228721496496,0.02946937882986911,0,1.0,1.8208048518439561
1.2596165517394298,-0.32998929095368734,1.3487349086994593,1,1.0,1.9710432600402024
0.19206765062427583,-2.16125786738475,0.6088487794612941,1,1.0,-1.2017560320258371
0.4800454866682689,-0.49923424085595214,1.3106895403748253,1,1.0,-0.8700835651339653
-0.8566421749335364,0.7269443093694914,0.4505566385114631,1,1.0,-2.76524680288768
0.3377896489843357,-0.5292135245423326,0.9691725663978062,1,1.0,-1.6226273770480943
-0.7998586508566738,-1.730507214752702,0.45980983141097276,0,1.0,-2.168269664598448
-0.7819830317863963,-0.8935287526468699,3.0232944031849245,1,1.0,-6.9381239832350365
-1.1483175646352386,0.12326890757202202,1.9594197097470327,0,1.0,-1.0304630206227148
0.8659823591608689,-0.5211135495675843,1.5162378000299095,1,1.0,-1.4606264045763582
-0.09712646460642027,-0.31233951095931123,-0.544908428983018,1,1.0,1.0719724836562063
-0.14796749887259875,0.6170713827130914,-0.8364514760400417,1,1.0,-0.4123271340296273
0.28026113042258616,-0.19211689837151463,1.0480724077104584,0,1.0,1.0919173116642418
-0.13392969469926913,-1.1140582635035994,-0.55929327874839,0,1.0,-2.822039148911365
0.3555101318439269,-1.4882482267271728,-0.8211529133214928,0,1.0,-1.084567319000104
0.07449167745221238,-0.5876656441085066,0.30176499040984184,1,1.0,-0.6820029324713083
-2.308846989130858,-2.1947292093040875,1.0487527838514175,1,1.0,-5.600419787146412
-1.2367306920568526,1.3946733471694626,0.5246368985279064,0,1.0,0.38804929909716634
1.0124657740131489,0.10550989659589827,1.8448349375362392,0,1.0,2.1831311784097824
1.2988557527484477,-0.9899713441994829,-0.3388596072466301,1,1.0,1.2150598679003974
1.1060935705517543,0.3265003967793456,0.7195374540934201,0,1.0,1.6322672043663025
0.8615250378854451,0.46389205966211644,1.394991256924043,1,1.0,-2.1061090891072496
-0.6229745053482219,-0.8027545334187332,1.3581028756521325,0,1.0,0.0159000734016288
-1.3865368605322466,1.240902117457268,2.1540766058325853,1,1.0,-4.397268715405062
1.5770456932981813,0.11314885589617973,2.0906207635121117,1,1.0,-2.1935166922854155
0.3092034602396859,-0.46673399034916513,0.32942569150043455,1,1.0,0.49124137024422354
-0.8213752744775262,-1.4863997449332862,1.7896771719644913,0,1.0,-1.687938904965409
0.3203809595156271,-0.7254307177374434,2.2793228515268993,0,1.0,-0.3331682274908426
-1.0204784471531345,-0.6689407534659262,1.5892315227363611,1,1.0,-4.386352729983049
-0.25846015566959424,0.433871943257255,1.7739782897343113,1,1.0,-1.5891225338049435
1.236349611253516,1.3205114900143318,2.0284542970596835,1,1.0,-3.2796327161874688
-1.0523461685440214,1.071979103010008,1.3007075545348195,1,1.0,-4.526377465930711
-1.1148106607913368,-0.99337522254047,0.6604853943488086,1,1.0,-4.028394959736345
0.7603471884737503,-0.5037821374727116,2.248847471525394,0,1.0,-0.12473721475601662
-0.932942091047692,-2.3811738999560763,0.516106053257803,1,1.0,-3.134880045080882
2.687958361756201,1.158555662423484,2.2746159827880974,1,1.0,-2.0473247932223018
0.03248695555915085,-0.19682231925521543,2.3154071822014552,0,1.0,0.6144166050579903
-1.4759955748015896,-1.5747404305411594,1.686988533192552,1,1.0,-5.4946653703941015
1.1001658255705815,-0.5293762948924282,2.1873720865971205,1,1.0,-3.825026595754169
1.1876118221320178,-2.0800621036542957,0.5154084904293892,1,1.0,-0.839209299046982
0.35240790909310127,-1.4782719045295496,1.9130698813482623,1,1.0,-4.26605649815728
0.4982100473781806,0.35078301346481866,1.7742724184726018,0,1.0,1.8523985867030994
0.11757660193615191,0.02604669574228624,-0.3586935705512213,0,1.0,1.783757510948019
-0.8972211998893307,-0.004351898428454515,0.6781841185727289,0,1.0,-1.2922972528430527
-0.18449027006677865,-1.768630647804659,1.2804373561575781,0,1.0,-0.12787123808440137
-0.00845070124427233,-0.17235798286014864,2.181132082876699,1,1.0,-4.057558754745783
1.3309085526532332,-0.0012404754197631873,1.878307733800104,1,1.0,-3.633681238904485
0.16812084125906754,-1.4172473908975745,0.6169140483346034,1,1.0,-1.4615019495325843
0.4969727061242052,1.598685038424812,0.7785969987985333,1,1.0,-0.7384084685352144
-1.630040393234958,-1.018681438631368,-0.18926868356568793,1,1.0,-1.5103380884877522
0.7545313146639043,-1.330124044236546,1.0787437493319174,0,1.0,-0.605502586969402
-0.7224147851235965,-0.22672865709113532,0.22896019331485595,0,1.0,-0.08203840241399463
-0.49560391183110125,-0.17444398225915497,1.3649758448214102,1,1.0,-2.26473080953223
-0.13219144205223843,-2.164035623530081,2.1295966539147377,1,1.0,-6.606903698814198
0.15462541345452477,-1.1706020504204728,1.0185316677741658,0,1.0,-0.9740571519058178
-1.3434511833872762,-0.7641386452323378,1.0088526396416084,1,1.0,-4.7135356738055
0.07715092093247589,1.1647407932996532,-0.8994627263844606,1,1.0,2.090690418658061
0.6914473435287558,-0.2663480564484455,2.6773909703936325,1,1.0,-5.199056009520978
-0.754536280034479,0.3655226613360648,1.5102503087104049,0,1.0,0.8718585460684525
-0.06433789064821821,0.6446667761621514,1.4934412150059264,1,1.0,-1.5700869824750825
0.8174559620167092,-1.0105293860804294,-0.627322972338711,1,1.0,0.29873854355939145
1.605885317002206,-2.429054465239548,0.9665938938229737,1,1.0,-0.8288652374939799
0.7350130121707383,-1.3246233804968655,2.444445086321591,1,1.0,-6.162189674731516
0.2845201969628925,-2.01971550346074,-0.3507919147702334,1,1.0,1.1538795962467012
1.9662464083294333,0.2793189257259031,0.9626163281228863,0,1.0,2.2627298841896013
-0.6145327697523519,0.6323136493191885,0.7306402055538188,0,1.0,-0.6386391090924266
0.2873890958192075,-1.3230858276913235,-0.47578892290522634,1,1.0,0.6178012428300733
0.8295473402469953,0.6397107079994093,1.2212578085179033,1,1.0,0.3593470076670524
0.21080209402823635,0.3538791497646768,0.17376581529952317,1,1.0,-0.6532867802078846
1.2389247381202413,-0.3844438655673478,-0.5289551909901926,1,1.0,0.9345920869350008
-0.1818160586117668,-3.113170252301035,-0.6220913909671015,0,1.0,-1.6615398976742675
0.9928406091194051,0.10202718718692416,-0.33888086685746344,0,1.0,1.2008973398051497
0.3352058939547375,-0.3127685260294274,1.8206074946330155,0,1.0,1.7982212353260212
0.9486988679327282,-0.3976299198818778,0.18633782888289474,1,1.0,-0.029421188363798423
1.746091509907399,-0.5584560702332112,-0.46887190436888404,0,1.0,1.791377362981617
1.9691892961776705,-1.0980305986964731,0.20045517161616422,0,1.0,1.55161611189536
0.21744439320432563,0.6002778641752136,-0.9433879263515523,0,1.0,3.181119838308268
-0.47946225224939715,0.3525138448563968,-0.25502627809931333,1,1.0,-0.5991005078909044
0.20200860558122885,-0.6396620842277895,0.685125659573375,1,1.0,-0.9259535889549954
-0.27112343429149516,-0.17867575352709308,0.28657402864438863,1,1.0,-0.14698529367026125
-0.06214872882305589,1.6107332677301804,0.35955548607139703,0,1.0,-0.22437298847749843
0.02781526682416982,-0.5755930703362646,1.1291457967768999,0,1.0,-3.1687102412097468
2.531534476476832,-0.5139283143150235,0.6545893099056275,0,1.0,2.459095180882382
0.4904729728448963,-0.7395636287373184,0.7402920871549217,0,1.0,1.8214901883300485
-0.9748050668290469,-0.31142177748020705,2.1609744942610707,0,1.0,-0.12002053047585792
1.6437157213176103,-0.5777745674638262,-0.06566535960550168,1,1.0,0.6290034055383141
-0.07373918179321431,-0.4903777603899327,0.39179151066215057,0,1.0,-1.040534740884016
0.24623244971545227,-0.37317891891124244,-0.6204946348530753,0,1.0,0.3051405008171998
1.3238239921343775,0.42364984448425136,1.5747837172323034,1,1.0,-0.443354197444068
-0.952038960482569,-0.359352751326761,1.9157647893351348,1,1.0,-6.206069506660797
0.7086419385862168,1.991001789070023,-0.14909571769068497,1,1.0,0.6370461977124262
0.4220844873893263,-0.06938630517803374,1.0010995715127837,1,1.0,-1.7647811216038118
-1.6145936978526843,-0.49145600962266645,0.46936924263240026,1,1.0,-3.186875036049332
-1.1965091627348843,-0.3942465662870638,0.3135112938271274,1,1.0,-1.6454795624101206
1.3442984523531878,-0.9187785925671021,1.509476341929362,0,1.0,-0.237154020013836
-0.07084330359907653,0.33251826894362446,0.34626845427929837,0,1.0,0.467389797792762
0.4523408877207844,-0.5686412076982404,1.0089956458520746,0,1.0,2.2601631362610735
0.733094709787095,0.3196822558749719,1.5458984701730496,1,1.0,-1.2145118268800936
-0.6327147109562954,0.4142181490527045,1.7758902586695304,1,1.0,-5.908621467930865
0.7731458157023006,-0.2935651019109599,1.4275486650176614,1,1.0,-3.021142981186807
0.6716986993259968,-1.8042704857661218,0.03544704756469663,0,1.0,-1.8378846791551868
1.3770062401927081,-1.4982041963328299,-0.09321033889470498,0,1.0,-0.38476509875505926
-1.875988914571592,-0.3729682126814272,0.027653369136676154,1,1.0,-1.7368196578411663
0.6893927947350345,0.30193807338263956,1.383788682371493,0,1.0,2.3606904643721713
1.0449734404123336,-0.6158428032034741,1.120682071576557,1,1.0,-0.08947652012377572
1.2312011454198595,1.8496559651068378,0.9151466655181947,0,1.0,2.1248764034351404
-0.5699473053957613,-0.37194455606589344,-0.5065025255852729,1,1.0,1.1229216866504597
-0.17648250536412502,0.6974445092468942,2.0000407165788507,1,1.0,-4.654191916562592
0.9640815996729344,-1.2943178721170625,2.5250146939462086,1,1.0,-3.505450241266865
-0.048862889711767554,-0.5440941808329296,1.3105567498986517,0,1.0,0.8818432221801568
0.30017332390996104,0.5593484414870895,1.0686390528320358,0,1.0,0.002079358273232579
0.5602957207173533,-0.023118108242035806,1.0341183814192558,1,1.0,-1.3829583143736226
2.63963729226003,-0.19326986218014325,1.3647303411064153,0,1.0,3.586296341950656
0.5903735673454591,-0.17009323744697685,2.1641275192283747,1,1.0,-3.482403874794506
0.5196301350362694,-1.1352353647501778,2.215300496285001,0,1.0,0.856404839798153
-0.0839854597935869,-1.6308655773533212,0.6145017284148364,0,1.0,0.18525318781561628
-0.5633643485362372,1.1603547347983199,1.9479897842790923,0,1.0,0.22748216016371048
-2.3415285021561068,-2.0179002296473003,1.0917012310918324,1,1.0,-6.928492054094322
-0.3259980232739756,-0.4192999439751226,0.7950398471386007,0,1.0,0.6721693401490718
-0.13097023921039974,-1.5265748175700615,1.3469594183767886,1,1.0,-3.9245445271150823
-0.20408648628171788,-1.3316931385819304,1.8746193584112143,0,1.0,-1.1795408981833218
1.510476549543,-0.5454753655625061,-0.4848066887460407,0,1.0,2.125812647484371
0.6291073281223092,-1.1018802360968607,1.7636363548565428,1,1.0,-5.774426529686336
1.0263918186563905,0.08961548413794429,-0.647320580815846,1,1.0,2.2698265540423086
-0.4045101836608361,-0.8794736054096459,-0.25204261195932376,1,1.0,0.2504029848717415
-0.06408419245959524,-2.2143073473846413,1.8643658068515152,0,1.0,-0.8409792268314404
-2.2980296751359486,-0.31713247131992406,1.0348127892260313,1,1.0,-4.330486101536867
1.0316403415200281,-0.4570295748209252,0.023147260843541462,1,1.0,0.04062917834496116
-0.36761338201570154,0.06244874356530983,2.0202858619098545,0,1.0,-0.06526086424742261
1.6560689709166923,-0.04181214591572985,0.3606534616589479,1,1.0,0.6150057315830553
0.6498567437322156,0.06653890599601509,1.4672478507661757,1,1.0,-1.8600754110873374
0.33559495230571845,-0.3462112689755692,-0.7232591454888524,1,1.0,-0.35107252217199303
-0.1353771690222626,0.38692906757690304,1.2628654761642206,0,1.0,0.923378068869062
0.03971670077297709,-2.3457528000782437,1.5102954403696272,0,1.0,-1.6355564736025265
0.45405725488772175,-0.8064831425908175,0.5129445482516384,1,1.0,0.25032735393197303
0.48051194865740426,-0.15065176248931766,0.953656792337716,1,1.0,-1.450951108888134
-1.148936234748168,0.2754617342041603,1.1436972220233375,1,1.0,-1.2761802806364555
-0.846773969828289,0.38547528180643587,1.4526316980888414,1,1.0,-3.0093871038407918
-0.44276673695655894,-1.1158032468111085,0.5060124123963596,1,1.0,-1.6237152728960256
-1.596426213879916,1.443105230403664,0.7080001442957271,1,1.0,-0.8622547774105469
0.9731403611930516,-0.9922726715210501,1.3626883295465675,1,1.0,-3.2985441420173256
1.698480818163474,-1.7843754983998659,1.368149205161186,1,1.0,-0.15424904539562956
0.7607718007179156,0.07713810502009277,1.0348550346290606,1,1.0,-0.7763676914089681
0.9489153380820394,-1.320282327332873,1.1277513509391068,1,1.0,-4.228801300712821
-1.755075955060207,-0.20538829378387768,1.907044588585438,1,1.0,-6.42209097843734
-0.15795448727177264,0.7819094574945742,1.9195956453799807,0,1.0,-1.082079563221361
0.7728485558957532,-0.49745130701534956,-0.5100595820775471,1,1.0,3.0665006356817646
-0.21462448977585802,1.000807547659918,-0.060848514675210685,1,1.0,0.6426002906030149
-1.3933863589583486,0.11682245096068622,2.130751117557471,0,1.0,-0.8673858662855548
1.4284686321593976,0.13057668738092,1.17096326270345,1,1.0,-0.017438026534180917
0.11452367508034361,-1.8849827352024389,1.1154148799004129,0,1.0,-1.5378269932712842
0.9261619994995749,-0.48020216034597063,0.2078120068652739,1,1.0,1.3005457349543534
-0.18844246631200412,0.27663686010102495,1.5473265876837168,0,1.0,-2.391790306986901
0.3604178903047387,0.0025183821494496605,-0.23044124914222808,1,1.0,0.8343195596017926
-0.21135937288644124,-1.6457762696696605,1.0980441018765974,1,1.0,-2.515254708344924
1.454325391944874,-1.0596122474351022,-0.06289313903179372,1,1.0,0.31621802235028695
-0.6750064911657678,-0.5824678443218658,1.0521433252052363,1,1.0,-3.966037704656072
1.2148636909495003,-0.781214594101542,1.5349662662297914,1,1.0,-1.5902594003947552
0.18498594653492667,0.058252721002939656,1.6081537775944015,0,1.0,-2.0869617702042955
0.19396311226219076,-0.4574690347888443,1.8493280281415423,1,1.0,-4.598557176193385
0.80852217407324,-0.5003124459346004,0.9571589981163283,0,1.0,2.373691662025541
-0.5903970281447946,-1.833875942072258,0.4809992183620083,1,1.0,-3.061715482813791
0.37941973969052645,-1.1747866080620255,-0.411002295566421,0,1.0,-0.14459796008644876
0.4357871000377718,-2.227342016607796,2.298815186311292,1,1.0,-5.720371394676087
-1.5811951242276918,-1.7809174805844115,-0.09265455212149498,1,1.0,-2.0917422948480073
0.26776705748125357,0.23106777866530714,0.4731870086793357,1,1.0,0.14799409776199868
0.09636606113410755,-0.21083300275884487,1.142651150893549,0,1.0,-0.07646147824694474
-0.17363931542707928,2.449469524857459,1.6165984384288183,0,1.0,0.97367957732735
0.2838837793092559,-1.2523852025544322,1.7875844064011779,0,1.0,-2.397449666726878
-0.08224231646612695,0.7719829200466748,0.482086461545807,0,1.0,1.2668152710836271
1.5976740277893207,-1.2811627398805245,0.3733626629998105,1,1.0,-0.7900406930637919
-0.593888494004821,-0.737749496819786,-0.1001217814854729,0,1.0,-1.2763761731292687
-1.2339102727525446,-0.19879583654597877,0.14931152784647062,1,1.0,-2.359447189387277
1.1718226583653129,0.8667697471934335,0.390493573549053,1,1.0,1.8458732123078723
0.1071391639614563,-1.5199023235176976,0.27054717928594507,1,1.0,-2.4991076849824077
-1.5758108340356767,-0.9244174577816648,2.2849800212544427,1,1.0,-7.466383477401151
0.6758560188256676,-1.8236118807343848,1.840268428137505,1,1.0,-3.2310178733319717
-0.31127024079765614,-0.751839765769528,0.6550280402830113,0,1.0,-0.2224554513039797
0.9259645319329173,0.3544846310976735,3.517225448641195,1,1.0,-5.400112445213072
1.2082365438438112,-1.315135783532438,-0.19051152986878994,0,1.0,1.1569236079932517
2.539583303835828,-2.0656471248096917,1.543635800929731,1,1.0,-2.6654251982569583
-1.093959007934995,-0.3929519290012305,-0.24663367536369973,1,1.0,-0.813224716890767
2.049251232278196,-0.37799809304697307,-0.7608003539877977,1,1.0,3.2760636354260484
0.6372156474038038,0.320925131151228,-0.2603103342238915,1,1.0,-0.49272235740487247
-0.5994918583268634,0.1544819624039081,0.2910096613955415,0,1.0,0.145931359288481
-1.3892703477957418,1.0144074925069388,0.6626700282956418,1,1.0,-0.8777222002465406
7.196389545167658E-4,-1.702937753331879,2.233067204866109,1,1.0,-5.872483426883612
-0.7867423613397964,0.720337411650551,-0.18056796359417004,0,1.0,0.9133730908125489
0.4085575135898548,-2.856418780267496,0.585218957218392,1,1.0,-0.4833113100649369
-1.0555530113104865,-1.8730164397426192,1.4537337863141495,0,1.0,-3.031188624077741
-0.7182411846963712,-1.7130353655448232,2.406490764285623,1,1.0,-6.079902971895612
-0.31651659267911597,-0.5621556569439629,-0.2727476881307638,1,1.0,0.3574080263823883
-0.3518490216764762,-0.23314092765000705,0.610231043676892,0,1.0,-0.6966042689119403
0.2899490042029923,-0.616351456972256,0.021056362933348116,1,1.0,-0.7985893641279722
-0.1593298017769384,1.028995446751877,1.358477952826139,1,1.0,-1.6613159480087742
1.8937573997991997,0.5829759289818037,-1.7667209259981191,1,1.0,4.561472760158551
0.24656796733305614,0.28748577595042757,1.5797672480031761,1,1.0,-2.788566938914051
-0.038858216335449336,1.8152615578603357,3.1137109918551333,1,1.0,-3.857061430557741
0.48370356076889376,-0.6935022151505377,1.1804863772151428,1,1.0,-2.657752197264965
0.3218384440537769,2.1600543582716685,-0.8426546840113556,1,1.0,3.754176395372669
0.9863786156200971,0.30576199703703333,0.7782497583237076,0,1.0,1.3023841393756663
0.8651509343983503,-2.0112905471990175,-0.24532368988501463,0,1.0,-1.2746939785878018
0.8578280501441562,0.5132300464836685,-0.13247154921219695,0,1.0,0.3131671768494253
0.5074756009171988,-0.5890628731869971,2.18891152029169,0,1.0,0.16157059420123215
-0.07697199466139748,-1.023384246744341,2.583553868954165,0,1.0,-1.1983187523523595
-0.35726012316788863,1.515600627306751,1.3824391320418399,0,1.0,0.1716539192677133
-0.14335779115297298,-0.4314119139094419,0.15016179781762984,0,1.0,-1.240988652544348
1.1058767495093305,1.757027446764833,2.2370121806641237,1,1.0,-3.487314265567571
1.0134256070231686,2.503995098206478,-0.7823423595861436,1,1.0,3.930185763465697
1.4597978295440537,2.332494218766537,0.20662293439132307,0,1.0,2.54781330179486
2.369640341208948,-0.26610040346270414,0.49136193641512604,1,1.0,2.5476575494389015
-0.04343339347599745,-1.6261673913969779,0.08004339958912454,0,1.0,-0.7689699329659413
0.06819707122638982,0.3122090555674999,0.1036120911538212,0,1.0,0.8433914260627564
1.3609342200069743,-0.13634833467284624,0.9376016252912783,1,1.0,-2.1461075537133527
-0.38835456053160794,-0.6737785298560865,0.4828748121952947,0,1.0,0.6527122534000906
-0.2014673919974066,-0.9508129443698108,1.789694480377538,1,1.0,-4.227195697881441
-0.20980336162370034,-0.6319574949585036,0.3657393409043415,0,1.0,-1.398827425864686
0.4740872805313697,-1.5506224318813073,1.2412114013969664,1,1.0,-1.6421260343460338
-0.30716472941848455,-1.173878662528447,-0.9555952323183015,0,1.0,-0.8453918432173266
0.10463003903198226,0.31599651397047324,1.7222125032640991,1,1.0,-3.6497939587604744
0.3073417696817963,-0.679386207362908,1.0347466769629106,0,1.0,1.4131396591971035
0.5131575369896562,-0.027907981335490495,1.2016565734928955,0,1.0,-1.7652291588220117
-0.28826977101806445,-0.08519599881501927,1.1207292313295392,1,1.0,-0.9111577032153453
-0.5735787617186103,0.21613632162271457,2.813036505234069,0,1.0,-0.9048820856497208
-0.45017630373165923,-1.383929067929459,1.6295109823881062,1,1.0,-5.399168374995739
0.7188016394403605,-0.6113521312949362,-0.7247407019459609,0,1.0,1.7569936123286727
0.4124757365022008,1.1807411058882926,0.7903988623441938,0,1.0,0.8624125374918883
-1.3967531999438336,-0.841761036483468,1.0451474890524104,1,1.0,-2.6862004770384305
-0.3537363829026284,-0.8119163444257383,0.15353745155800536,1,1.0,-1.8743601630081188
0.47901053129467996,1.2502652716344265,2.0780682539321944,1,1.0,-1.677340655722388
0.09894913489991526,-0.849899549590555,0.5659444481373541,0,1.0,0.5706903872419249
0.37062433190981803,-0.4375591298835965,0.8964944598954795,1,1.0,-1.2786217794413757
1.0643160734668111,-0.17864419116026387,1.9781442498486501,1,1.0,-2.0833397412643198
-0.08105412981965443,-0.6396286954092468,1.499813814442105,0,1.0,0.5205877016945579
0.7852795362388016,-1.9763348358913864,0.08492985620003579,0,1.0,-0.38475539346746335
-0.6891681763413346,-0.759843396148892,1.0475388337555063,0,1.0,-3.104101960014042
0.7359406981988987,1.3356323728714847,3.039716573932437,1,1.0,-4.424624387970604
-1.0854746575572773,-0.44466989931738404,-1.5133519983524024,0,1.0,-1.8764650400834664
0.8841650267515051,-0.16321067377402348,1.2134284827896267,0,1.0,0.5746039477002768
0.7259880239762031,1.956278742240996,-0.2640087570862151,1,1.0,1.2808428190566938
0.9491189390587218,-0.27727247207852623,-1.0505836769821726,0,1.0,-1.0927338263650084
0.7664261337229754,-0.7534916182940758,-0.18057481560354127,1,1.0,-0.7986312356000338
-0.6693593091097196,0.001176998040605448,0.017291189411185903,1,1.0,-2.019863546111263
-0.45315704733685275,-2.426179521307819,0.9522649953655344,0,1.0,-2.692441045227897
0.9049361022681717,-1.7765336646262821,0.7445796767766628,0,1.0,-0.9413609462631777
1.7129435181720554,-1.1038906996064815,-0.8817409757627761,0,1.0,1.0749912087312963
0.45598733757134835,-0.7189322847794888,0.4549899487102305,0,1.0,0.028129847926835455
1.030016803429688,0.599258188381931,0.27977063748394193,1,1.0,-1.2749469282248658
-0.2692094091719903,-0.5809844714749502,0.4466076660416842,1,1.0,-2.559177521782974
0.43325739220151904,-0.8429969985718968,1.5599734668348368,1,1.0,-3.631648439603322
-0.2487544998902203,0.07475305961120293,1.970081701234368,0,1.0,0.32469096700355454
1.2903618481058237,1.0694200736142843,2.333422437673231,1,1.0,-1.165017372246844
-0.03403723526640992,-1.5851263113957168,1.7200627040331278,1,1.0,-3.749398602825778
1.5386290828886873,1.0045130588297786,-0.7558279608759804,1,1.0,4.111620584178903
1.3097738957128489,-1.8993455562353188,0.4349107397545018,1,1.0,-1.2488156067906944
1.8160437890703933,-0.8125040232577907,0.8391585331724919,1,1.0,-1.6314054848337014
-0.0807963778225233,-0.8757754516058219,1.0609692406366444,1,1.0,-1.5831130102336102
0.5044521885146453,-0.7062375600006032,0.5580575875592831,0,1.0,-0.35837107871355045
2.546741365713596,1.2332258750674245,-0.6230562587501964,1,1.0,4.280887676930804
-0.03183931588105346,0.31530855348960485,2.22150794518801,1,1.0,-4.461710872947862
-0.6049524739524093,0.03457625511441409,2.9076494207791006,0,1.0,-0.5674497343150942
-1.083689627662972,-1.2390567747198322,-1.6551310705342253,0,1.0,-2.148318768613048
1.2565775083128397,-0.6504262453828058,0.8137779545398603,0,1.0,1.3833564185790452
0.2815655690505525,-0.751824632406022,-0.17589010210874367,0,1.0,0.1839450143462829
-0.22254287294851754,-0.006765901730236223,-1.7669127739356443,1,1.0,2.651469071473896
-0.35427308560534426,-0.5033717069780226,2.23065881585845,0,1.0,-0.8593327742905998
0.8216016710492104,-0.4303967295240799,2.020662430591276,1,1.0,-3.3827262242865217
1.9361370601753691,-0.5170058388177062,0.6823178994701115,1,1.0,0.5344585650656286
-1.1512325156286425,0.3191968513504372,1.9411671787073796,0,1.0,-1.5284247948200491
-0.7640233470943738,-1.6120600479770169,1.267218490782221,1,1.0,-3.7820010793847074
1.0906954908430755,-1.3072034671064106,1.725716143479303,1,1.0,-1.8785720389244462
1.3426962056611689,-1.1874820730705236,1.264467657695144,0,1.0,1.3383790157767335
0.3660963924281333,1.2434608590955594,2.2053395668109337,0,1.0,0.3446082173027901
0.6205344674281504,-0.6132081249915394,0.41706727305667185,1,1.0,0.6457652093929851
0.7620102702736014,-0.07366811889645686,0.27476367223089004,1,1.0,0.7957620338066131
0.6823866682409825,1.8152225629380738,0.6821306628003372,1,1.0,-1.091376214642399
-0.23350437187288697,-0.05600977530981949,-1.3659487820432086,0,1.0,0.0033224697855765983
0.9920915628190676,-1.1518453611757824,1.037757377601821,1,1.0,-1.9442302608858897
-0.10286637643032043,-0.5891201226824799,2.603250935574434,0,1.0,1.3096584275739955
0.3874032151650202,-0.060351064309840496,-0.5416051406329498,0,1.0,-1.1419594589873525
-0.7099840886795827,-0.9146582474094698,3.1376814674333806,1,1.0,-8.764900165125008
-0.6459395710053419,-0.22372364715837584,0.3391854938854845,0,1.0,-1.8892279287458607
2.4405407428122774,-0.4290112316776045,-0.6364684095748989,0,1.0,1.7895128545542962
0.8055874542534942,-0.9586350049903436,0.7260785664373737,0,1.0,0.30024387538355046
1.0002230735809154,-0.6291849095956794,-1.7838120389612022,0,1.0,0.5442163724302429
-0.0798391804719707,-2.0622298819303846,-1.2551155994325944,0,1.0,0.16974233430560393
1.640476970277518,-1.4609065649880033,1.1106402391241028,1,1.0,-1.188146621637688
-0.023686277364585145,-0.796284390362348,2.2579034478583,1,1.0,-4.9227033765268455
-0.6038836455850838,0.15478484144051297,-0.2339439917803392,0,1.0,-0.8550280028785499
0.4446151546786815,-0.49090991125620764,0.9292816406183487,1,1.0,-0.11146086173319358
-1.7892055684811283,0.8348727449653479,-0.762939194409967,0,1.0,-1.2783701830729495
-0.8492671953818385,-0.9316545408925567,1.0521948137786612,0,1.0,-2.8334163946188946
-0.42381426697395447,-1.2678029667537372,1.721560210024654,1,1.0,-5.111867549723408
-0.5086493286610556,-0.9392921393051428,0.6989664484192326,0,1.0,-1.4232639463577457
0.16077328588790707,0.18605659445720402,-0.2517057276539896,0,1.0,0.01800070772690962
-0.5750775523123619,-0.8493173878991888,0.6100499175441175,0,1.0,-0.8554615815027318
0.4719555749592364,-0.1710868816731751,1.1228711885726534,0,1.0,0.8885446993644271
-0.2238089937279873,-0.4647730343631803,0.8299874947289391,0,1.0,-0.27017052670860797
0.6466609671751156,-0.6185028275516599,1.1686228594845454,0,1.0,0.4472898145291486
-0.2365280723804019,-0.5713906013842323,0.780396195402542,1,1.0,-2.3097260365138745
-1.112915543669336,-0.1794431419740713,2.209277530697502,1,1.0,-4.9814189977485785
0.23837190420832766,1.6483651997574431,1.5657336265625164,1,1.0,-1.2496816178723558
-0.34850555724699145,-0.9722242936131387,-1.3831056643772677,0,1.0,-1.3176889594515313
-1.2629390858646914,0.29311871876179363,0.7220862881065325,0,1.0,-0.950527772486846
1.4710871153247052,-0.1173846521553244,2.5436405167916023,1,1.0,-4.695643016574757
-2.0798672767571396,0.3528901727901228,0.7926000927980545,0,1.0,-2.338350186825983
0.45709172392117603,-1.6249541557718659,1.1289963653436854,1,1.0,-2.59005196415802
-0.7373401600387497,0.10330187478190522,1.3587652641028538,1,1.0,-3.4292192412039117
2.157393601754056,-1.3385139484243882,-0.5278573695860795,1,1.0,2.5989076489496434
-1.0099631518339265,1.2809133236701495,1.4586743617232196,0,1.0,-1.2451433984726572
-1.351674867400855,0.6453868482767553,1.762167928640986,1,1.0,-5.993356656988809
-0.9793844281594419,0.5104500213772747,-0.22542150870295585,1,1.0,0.5664981704167846
0.8871484268646286,-0.5164205804768428,-1.1501651670329722,0,1.0,1.2658796955257459
-1.9256642124865955,-2.848315820206863,-0.35284656159630123,0,1.0,-3.439273166682612
-1.780478322911253,-1.7257510234135756,0.4333213417664623,1,1.0,-3.030077292075403
0.2761407743555056,-0.18962300549647848,0.26155192154752793,0,1.0,0.3762162175105391
-1.1545635024385028,-1.387719456900694,3.2737188479123107,1,1.0,-8.552049276648791
-0.8612576216672037,0.6872157200053282,-0.4841892253931743,0,1.0,-0.46951544320122585
1.9025572111485092,-1.29974984983411,1.7828245903745756,1,1.0,-1.9642572481689737
0.4080885513481064,-0.7762584729466153,1.6468975491682047,0,1.0,-2.0755010379711396
0.9398691778151973,-0.37524666395742934,0.08077747636512755,1,1.0,-1.104870241011977
-0.27545636626391257,1.2240984317309904,-0.13127589232754155,1,1.0,0.7740358127501178
0.6639404837797404,-0.926111240119691,-1.5680366141906166,1,1.0,2.520736180797965
-1.8811866149722796,-0.13517892412343618,0.3219453542577689,0,1.0,-0.3652377339595507
-0.2712616485568165,1.3692305624115455,0.17484482468477058,0,1.0,1.8617888046895437
-0.7617502319651264,-1.0509977705835132,0.4896041178257738,1,1.0,-3.5883413761224485
0.8340047670369968,-0.8231978634264667,1.8131572125802013,1,1.0,-5.045054127580064
0.603674143221101,1.0198617985493315,-0.438768831630292,1,1.0,1.7126940613448445
-0.2541781360516421,-1.6330076265446425,1.582807067124061,1,1.0,-1.4004273306195985
0.3034981500631677,0.5301944661448164,0.37780523700823904,0,1.0,0.06813278674784884
0.22739430430486207,0.23345051926661597,-1.1518578161340953,1,1.0,3.1757890370487294
-0.9759647997940091,0.24683168254075794,1.0215634739368196,0,1.0,-0.6072276073476178
-1.412738918113722,-1.292713789261724,0.9715077138725913,0,1.0,-2.5622221915296097
-1.5472121298525292,-1.869686827934856,0.762645197503329,0,1.0,-1.9983309953904342
0.1091270193373346,-1.6031965254172276,1.9000412504831021,1,1.0,-5.427242433265764
-1.1249594072336342,0.23098240934918524,2.2392833203128926,1,1.0,-4.677652090038743
-0.24502102572987922,-0.11497355619523841,1.2418684507619366,1,1.0,-0.6543351750597601
2.8342327629837953,-0.561031561006926,1.4378809491203515,0,1.0,3.1765574245737103
0.6464740501086865,0.9443110363911764,1.1576931741576537,0,1.0,0.7540871413735172
-0.25728176868332137,-0.6412614667707017,2.7805454564278698,1,1.0,-6.3748303136716675
0.7584456516926883,-2.080239035636094,1.7416188184889752,0,1.0,-0.36024783169593727
-1.1909172482131716,-0.31103507422268234,0.11642355373052848,1,1.0,-2.117380365502578
0.12693778558471197,-2.561496491430795,0.17295292606177204,0,1.0,-1.324117685704958
-0.16460757138271342,-1.0610323020549084,-0.1055826581039162,1,1.0,-1.0570883604878318
1.3530687310737868,-3.320365718580889,0.43805196003354024,0,1.0,0.7209837682564821
-1.416185680818238,-1.61353739925786,-0.40467828300852426,1,1.0,-1.187734590446074
-0.6248070290838261,-0.638487870174915,-0.2858830676202453,1,1.0,-0.4262606531731823
-0.8794723116642176,-0.5997663624843238,0.4939100341692363,0,1.0,-0.49035692848533163
-1.0133083874806832,0.016256000433057083,-1.1521989902404524,0,1.0,-0.13828816303966318
0.9177309080894789,-0.09192561980951597,2.3229503029046232,0,1.0,0.8363035284157795
1.0186474507475585,-0.29209427208927835,0.7541462807678523,1,1.0,0.9317510381348919
0.23357958532920597,-0.17393370854152884,1.3484291566551567,1,1.0,-3.0028793033928016
-1.0937927716783808,0.709449837105502,2.2713232392795835,0,1.0,0.2541165255730976
1.4171470453153137,-1.1032934356815953,0.9587564214343967,0,1.0,0.5893753081688229
1.8310684971877207,-0.7994431368644517,0.3071132983333069,0,1.0,1.5555880564056361
1.1173684746962145,0.4864859437617215,0.620052424945705,0,1.0,1.8115375393130546
-0.08791279382818695,-0.7556628843543696,0.061691914047522056,1,1.0,-3.3707535076332684
0.0018429249388573488,-1.0657846938209095,1.1117984954708848,0,1.0,-1.6100713867647511
0.7479552841056927,-1.506292167438624,1.834593623741413,0,1.0,-0.25898297801571174
-0.19141707428351862,0.07484893119478886,0.39008414624694415,1,1.0,0.054801837367327355
-1.053147915918121,-1.8313565595449408,1.9578890458687468,1,1.0,-6.108858317153765
1.0866188299787314,0.437879677025794,0.9883089552162706,1,1.0,-1.1133375480070975
0.45902752808346725,-2.366543241738401,-0.22825106672645168,0,1.0,-1.0738902098093317
0.9534136408899871,-0.3208128783606251,2.3653863173225504,1,1.0,-3.957843156784106
-0.38212477294170594,-0.8813687463169029,0.22796471194212664,0,1.0,0.09331588320701756
-0.2688182806426334,-1.694560035042056,-0.24756803185633203,1,1.0,-3.312370589829784
-0.35267474946482785,1.1180162619448666,0.19426208677490797,1,1.0,-1.8460244352231152
2.11935060733125,-1.3478796107598274,2.1703712376619753,1,1.0,-3.1676529110791622
2.4710210449776753,-1.699429093536155,0.5727496073178968,1,1.0,2.279550247357342
-0.5397895066906966,-0.08665777840739214,0.03266991961480337,1,1.0,0.6005812417287522
1.6728655674389048,-0.9143052518993233,0.38461044827087415,0,1.0,1.1072998238054872
1.0361430417508235,-0.8782317009478723,1.8756948937290823,1,1.0,-2.5828797253901916
-1.1000442142626492,-0.4254304103200661,1.7688617313130002,1,1.0,-3.47036066158394
0.03535657001273387,1.186564432920251,2.4071578314354856,1,1.0,-4.687836193953223
0.3820479206601851,0.5590199698061937,-0.9002729371366229,0,1.0,1.9950325107077416
1.6147704052632055,0.08703118419127343,-0.5889313485180161,1,1.0,2.2325768952629628
0.7446394668976155,-0.17339286337710086,0.6254409258848187,0,1.0,0.1760375861971224
1.182876589526901,0.6496089724381475,2.033987739363044,0,1.0,0.9494124065356828
-1.014299613531056,-0.2915329186998803,1.3608604540399725,1,1.0,-4.618876150144828
0.8147023105878255,0.7196988413562426,0.40758918915264003,0,1.0,0.6133825097546659
1.0983497738095904,-0.7124001691729861,0.042210499051384076,0,1.0,1.234419440873065
0.5279019135156211,-1.3892840667929716,-0.44358854228553257,0,1.0,-0.5348231689033647
1.3009452507089854,0.19698529184972646,2.319299314453426,0,1.0,1.1692597991801406
-0.22592701566219747,-0.040886922074510834,0.38340415537750633,1,1.0,-0.998334277026482
0.9070626728546085,-1.8927393545766145,0.31642750658723084,1,1.0,-1.181276983674882
1.2431087627019224,0.32527842604669843,0.8664897250526351,1,1.0,0.010400344690767171
0.8505009514629362,-0.7254595141183351,0.7941582789095115,0,1.0,-1.0589256070598703
1.6495195216136667,-1.5065383033700825,0.8022441598888239,0,1.0,0.5657569284006404
1.6122191564362314,-0.804106582710078,0.4342301032574973,0,1.0,-0.4085582066296598
0.24900430519351607,-1.375858865752333,0.8644111707635537,1,1.0,-2.9218524455670276
0.4631614401620824,-2.137648802249258,-0.4668980673940486,1,1.0,0.3186227153717985
-0.6386652888878024,0.4424427656630453,-0.20219817178545352,1,1.0,-0.30497835445583177
1.9659348145066742,1.6673694904111884,0.8266982217575417,1,1.0,0.38151056577736286
-0.8722277491771704,-1.5997217330255913,0.8061297728993896,0,1.0,-1.9602312150018328
-0.7789632091232757,0.13198450066500111,1.1980048221081887,1,1.0,-3.124606549457377
-0.2428702296468646,-0.8497981617203495,-0.1724629029178828,1,1.0,1.1777041498463476
0.9406908697459035,-0.4922039705391945,-0.8016292970243957,0,1.0,0.2765671238875687
1.7892066007901408,0.7965699851179628,-0.018491320232824182,0,1.0,2.973855405354593
0.5138736878496606,-0.04312476430658779,0.7271013814795587,0,1.0,0.7779676881480709
0.6822549038432784,-0.266499754952333,1.8454549769961592,0,1.0,-0.7526401695800053
-1.0590743502361637,-0.38034083677258496,-0.6070718142404292,0,1.0,-0.723955403167877
-0.920398212538754,-0.7257423609341935,0.7408005164333153,0,1.0,-1.6106081104444236
-0.3499179189016926,-0.543171130123323,1.096008081957116,0,1.0,-0.8463344232181932
-1.2644935862797353,-0.4417794654964555,0.6472669497268078,0,1.0,-2.123360705362078
-0.906078130689008,-2.3475543534899073,1.5216302449667962,1,1.0,-7.181176890951571
0.8007845140976351,-0.2584758081670555,0.6057655975052089,0,1.0,0.40029563802988083
1.0878322815443298,0.360278854218156,2.5624391283038523,1,1.0,-3.274828069348797
0.09121806163092258,2.5747220706655467,0.2571674596249779,0,1.0,1.8462841021244338
-2.2610990116011815,-1.7001883434304728,0.7594406285000568,1,1.0,-6.015412169306424
0.5561562825642096,-1.2681334272166556,0.6166174825795491,1,1.0,-0.6338030009271632
0.8256796089360858,-0.6298191096430739,-0.38721947559777226,0,1.0,1.1473837573832077
0.8898963156745567,-1.699112418083544,-1.1939331666021675,0,1.0,0.3465305411939446
0.6520876165354375,0.8298634172545472,3.720068055896962,1,1.0,-6.740264189953948
1.8157587914728806,-0.19929044488364112,0.011599421579804092,1,1.0,2.075287708607206
0.6940514493203341,-0.5609755685248982,2.1692576396087437,0,1.0,1.7240646694661106
0.767240817539288,-1.239654855810363,2.5593352841544323,1,1.0,-2.791736500699507
-0.043028653209482515,0.005560809578309178,1.186986377860009,1,1.0,-3.954306777760883
-0.27134460846503816,-0.2109605773566342,-0.4720160360936838,0,1.0,-1.3940689249086098
-0.19590701059419707,-0.06420078043230071,2.3179192876439116,1,1.0,-3.6061998246706377
-0.5365524184814205,-1.7526107836159128,0.8793833657129193,1,1.0,-3.315400294048837
-0.09956628914893417,-0.3686532545901451,2.2505953918366446,1,1.0,-3.3042247135241487
0.7436948217333725,0.15799387242821883,1.1703083800144822,1,1.0,-3.4929144785382595
0.20528861626825362,-0.8288748751306869,-0.6247270862416052,0,1.0,-2.7294602445711815
1.0454648039830412,-0.33816391744331775,-1.080865800363463,1,1.0,3.52207243745131
0.611330836787,-0.8436020624978308,-1.1373181270074328,0,1.0,0.8858813073514233
1.1696317433549168,-1.1558249652231052,2.039187165291403,0,1.0,-0.6484079444518952
0.21101807908372167,0.6198067744318163,1.8235522874848002,0,1.0,-0.10872359545115762
-0.8334154904482816,0.3482885042851266,1.8695719654925937,0,1.0,0.6709921334640108
1.2766934067464815,-1.9068793393848116,2.0960519286911774,0,1.0,-0.528085001485852
0.2111669925705712,-0.23186103187452506,0.6550454605045061,0,1.0,-1.7728809749448906
-1.1726210178774066,-1.241154220221493,0.6139048049278713,1,1.0,-2.4587481526594295
0.7448714915411303,-3.1349085286259317,1.0625320770110749,0,1.0,-1.1362087132356682
0.9957813754292215,-0.8887168001476278,1.5668723705637935,0,1.0,-0.8685300599726522
0.7447357272401283,-3.5472601831370674,-0.6109012134051583,0,1.0,-2.357212490473038
0.8934111665828657,0.15716844481663828,0.6228313184203437,0,1.0,1.6608873397400998
-0.14123076142178909,-0.03578762114966927,-0.6504028606273975,0,1.0,-0.25489278601032805
0.9948144796474612,-0.05959670573522202,0.0675495162294687,1,1.0,0.5934347195507343
-0.5074743534890851,-0.4365994090648388,0.9527979839778955,0,1.0,0.4969438631957993
-1.7082268748187583,-2.088088274658424,0.2783549531689047,1,1.0,-1.6560886565966433
-0.2888849834316954,0.5101091064015217,1.8511056865938937,0,1.0,-0.7602546117169986
-0.05176604896934517,-1.4832716228838705,1.576132458043796,1,1.0,-2.6500137137595337
-0.2253795930297653,-0.28310489086448065,2.350466738352253,0,1.0,1.0791073371854663
0.910212015410031,0.6545158094423618,1.9523617029763944,0,1.0,1.0588688294112143
0.08957659874874047,-2.736014166984379,0.8855253182340309,0,1.0,-1.8984095994194594
-0.7274517804323641,0.016365856105882037,-0.7560586871959369,1,1.0,0.48741319933251653
1.3603494491351487,0.2664890261503935,-0.6833495707151922,1,1.0,2.188435134989941
0.13296184365386857,0.44628502712510154,-2.2139319236926926,1,1.0,4.629195338044929
-1.5453141657470408,-1.4513825615134384,0.8942019505933799,0,1.0,-2.6792637775545725
0.44357554680034866,-0.9285637783596973,0.1887973523350751,0,1.0,-2.0205295125412954
0.5950752511009147,-1.3286390275577782,0.345759055811305,1,1.0,-0.4507970646856857
-1.4345384094112958,0.5841160871751632,0.7958705965682144,1,1.0,-2.2259544891513006
-1.1316349808469772,-2.0257634775827125,3.6491838514959216,1,1.0,-9.253634940061193
0.350153327887096,-0.979979883343142,2.934153147826347,0,1.0,0.5126768337995936
-0.18932644179985386,-0.9425300198793363,1.5863362232904343,1,1.0,-3.6786203907465613
-0.3403667634210534,0.5547093970296932,-0.5858997884820976,0,1.0,0.8301968835376019
1.1451438320859522,-0.3404700938379263,1.0047022852220595,0,1.0,0.5873998711607511
0.5288110525963032,-0.3219404637120016,1.26950165209593,0,1.0,0.12508356226095296
1.1871962098818019,-0.6516965961941834,0.43226672294934365,1,1.0,-0.3248527644475119
1.2074509850640178,-1.6835990931353941,3.7546816891455093,1,1.0,-8.94213624801557
0.20235051607303384,-0.5922922280133642,0.3086100620719673,0,1.0,0.18018437883870053
1.249211342553263,0.49408948726719604,0.7911536015255866,0,1.0,1.93440829786963
-0.21592701976235307,-0.3465430895617647,-0.2309247865866959,0,1.0,-2.2072549545150917
0.15882604356952815,-1.2972376936427166,1.6036960712911343,1,1.0,-3.918063797278484
0.07937481919672479,1.1001301498595404,0.5432715891702207,0,1.0,0.5022828196138313
-0.163342991044719,-0.9513829066055239,-1.332367911748478,0,1.0,-0.03496833215513806
1.003603651524517,-0.07873098307484944,-0.18181925339922922,0,1.0,0.9691160347949672
-1.1174810307235847,0.08975374097018363,-0.19017950455306976,1,1.0,-1.9943703965433792
1.6132323251419394,0.31935891186789367,1.19679520024738,1,1.0,-0.06002938813399428
0.646471541327081,-0.29231355781415275,-1.5518142984043355,1,1.0,3.9121200145142927
1.0938964977125065,0.6593719415071602,0.9979920786079537,1,1.0,0.5010085522073828
2.1252110067302583,-1.1620884906154116,0.0934695138322188,0,1.0,1.8746233174064821
-0.05185126955508035,-1.2868630480804562,2.0234583630839866,1,1.0,-3.8682665716269082
0.9123630463308894,-0.18450547314355564,0.4408045923030675,1,1.0,-0.05326043326033279
1.0863423334845876,-1.2877523454208708,0.774366907700168,1,1.0,0.1637551246398039
-0.12755307903335572,-1.7275023929942432,2.5060787180227395,0,1.0,-0.6534817053387484
-0.15840556234402275,-0.931785966764912,-0.6811500064790286,1,1.0,0.5840720088473681
-0.4895140270322426,-0.4547758999039315,2.700880461577661,1,1.0,-5.963181991928984
1.478091609627024,1.0427544353234628,2.016221891350236,0,1.0,3.9766944878496044
-2.138532316313908,1.1149090840067213,-1.9469746270466965,0,1.0,-1.308545046479185
1.9409774795129977,-0.6953430797532235,-0.34018577367033154,1,1.0,2.1740267298090323
-0.8966360537895628,-0.9773083850698031,1.796815546610158,0,1.0,-1.7189642226465771
-1.2426130595840208,-0.02105324826742999,-0.6092970042014068,1,1.0,2.3907471443435715
-0.04764565020811762,-3.1648266753289285,1.9282268240667206,0,1.0,-1.4700306097368132
-0.01815687759161927,-0.8242576384772067,1.1815682893677117,1,1.0,-2.2636790473517627
0.6259292126386744,-0.9185219603384587,1.2991079215135841,1,1.0,-4.249337766746562
1.1599724144244685,-2.321055161020311,-0.5143563385582999,1,1.0,0.9081050969493051
-0.6842464427568673,0.11280428026946532,0.8779285577681758,1,1.0,-2.387479687464292
-1.519132153213721,0.40679957812009604,0.8096252682452135,1,1.0,-2.3444586864130654
0.49102762147917783,-0.40828007534541677,1.1130984149647074,0,1.0,-0.777076845043138
-0.47916505214938915,-0.6119484289790807,1.7778682053722128,1,1.0,-3.869068442700733
0.6304250395411308,-1.8019894127600262,0.2888887307735608,0,1.0,0.2766076657862464
-0.5658743312292565,0.4598282387281831,-0.14515213500210478,0,1.0,-0.5695533691942019
1.1514943756241518,-0.41684615740116254,-0.34218195545704067,1,1.0,1.1616472551285009
1.4446077002105322,1.1245030333232067,1.2766345299210866,1,1.0,-0.945517216112268
1.8382645280986931,1.1132669267781503,1.6254051770471114,0,1.0,3.4051818768260844
0.8731673632951489,-2.2687149117264247,0.28688302886467965,0,1.0,-0.29826433863964535
-1.7269149367616965,-0.11262595848125867,0.05258113434043077,1,1.0,-2.295023672330138
-1.3081034157224345,-1.2407394925338275,-0.05519811343111014,0,1.0,-2.2641555087465655
1.4092253478631152,-0.5398665419441576,0.26014631454658255,1,1.0,0.5483237744097993
0.20532162374100782,1.0734225642368935,-0.44274115688601334,0,1.0,0.08098533297263277
-0.8292755230997684,-0.29551410031189307,1.420036840990926,0,1.0,-1.1517773260805018
-0.3561800249078915,-0.005644190104265645,-1.3384691358810488,1,1.0,2.485201469868842
-0.7252013788400455,-0.19066723234991506,0.5622644884571033,1,1.0,-4.847814985074261
-2.2942484937975745,0.5999255859132344,0.06326543498501025,1,1.0,-2.791721362926507
2.445389645961331,-0.22995149355137579,1.1044537149292148,1,1.0,0.6418024796583012
-0.2851435635186111,0.35094399374655316,0.8738186319714039,1,1.0,-2.2046701928184844
1.7558912965368891,-1.1307029763048384,-1.239597407588162,0,1.0,0.47399163145405976
-1.9348872817491751,-0.6881979298124623,-0.13074424368532866,1,1.0,-2.749696262131945
-1.6289690292191221,-1.8473418818949312,0.9571966717399837,1,1.0,-4.050083696217731
1.7836926128370958,-0.13978367284259868,0.525837081129563,1,1.0,-0.11234933075604059
-0.6335591139439769,-0.20074891797314065,2.6396662785718332,1,1.0,-4.929456484410983
1.1455793395837122,-0.45631956693693715,1.0756701710859282,0,1.0,0.21993681532147125
-0.33187759773035347,-0.36816056050594015,1.5354002600677465,0,1.0,-0.9425676729296321
-0.6202612470453799,0.2527415475703235,2.677047341517712,0,1.0,-0.9982301643068814
1.3888905774279139,0.6614520572769433,-0.1009902556155966,0,1.0,0.6332429721999944
-0.10422642903879575,0.4043474374847231,1.658833292887835,0,1.0,-1.153707494397003
0.09003420154064494,-1.0526436195872444,1.171025860269461,1,1.0,-2.5880346587244083
-0.5191807163862316,0.0947369587574235,1.0341386112007458,0,1.0,-0.18906858438840474
0.6523856868192204,-1.4544251846599991,0.5650288528124381,0,1.0,-0.6489459918193952
1.9856854674760007,-0.881154329723206,0.32548063863528204,1,1.0,1.2596550154033908
0.6717648551564606,-1.6914457323023604,0.44305589654674055,0,1.0,1.2917957207213666
-0.36094281442435,0.5306223257188878,1.9173346423596815,0,1.0,1.4328355801818549
0.2551682903615984,-0.6192946077913345,1.5110901075071144,1,1.0,-1.4400233582989386
0.5935631534371091,-1.7497832337844246,0.7811589226247502,1,1.0,-3.2723439147394426
0.4188340501105563,0.7794440757840524,0.171498117626526,0,1.0,0.9032713065452415
1.4888789226433805,2.0690411063255425,1.7259263823569135,0,1.0,2.012418176499067
-0.08428837001684458,1.0416208254843295,1.8441968578089052,1,1.0,-3.901770484347314
0.1237462771649869,-0.10696718417470324,0.76670359159923,0,1.0,1.480431717735531
-0.694012629862309,-1.384030027515239,-0.47226858222156554,0,1.0,-3.6631333245662097
0.2192565653145682,-0.4346963018897871,1.7517883517922117,1,1.0,-2.837491543174705
-0.3307375203929805,-0.3350652527756771,2.548789603567398,1,1.0,-5.502731220281241
-0.3200973609252447,-0.7566023459028298,-0.06093763397015395,0,1.0,0.8410146788826964
0.6532815389772897,-1.0539610071447332,0.7900636460886581,0,1.0,0.4511350818478123
1.6039831018217798,-0.8494353732876245,1.1174340749649183,0,1.0,1.2750379693235332
0.8931047976906965,-0.49678076712550173,0.4978351667376851,1,1.0,0.5636482067569076
-0.17623379950210472,0.08066446524086457,2.245664021767092,0,1.0,0.8536519992345889
-0.4911310228944004,0.4464274400698307,-0.988838370130495,0,1.0,-0.8074480093433711
-1.313157500678567,-0.2042604012317083,1.5285348146221067,1,1.0,-5.510765519625175
-0.2887856304342521,-0.38466525056714174,0.1764618512543359,1,1.0,-2.6340490382261046
-0.49117489590160784,-2.3529275793782656,1.3567488522569322,0,1.0,-2.826381300401668
0.75828174398618,-0.08957196909965148,1.2384110649905713,0,1.0,0.4538458824811562
0.32455583379685093,-0.0267982093726557,0.45056553869961724,0,1.0,0.8629616145745975
-0.24874378388747592,-0.35344169877914833,0.8956452288951408,0,1.0,-1.298831407221162
0.05808385014561751,-0.35364685647746874,0.42307321689005795,1,1.0,-0.016345255666079805
1.1939718284463836,0.9424613484477515,0.2685716428343461,0,1.0,2.2971335875937973
0.4654053903495813,1.2244230218300867,1.800729459853721,0,1.0,-0.7278075123321235
-1.1656107962850926,-2.545539059913427,-1.1490969908703963,0,1.0,-1.5670741217314053
-0.1443989871393785,-2.6092906063099046,-0.02501152992299771,1,1.0,-2.4659681913765943
-0.21051227889064555,-0.7190811877214824,0.28198537305917903,0,1.0,-1.167780210533194
-0.6279292559007625,-0.6768761270681336,-1.531353237813159,1,1.0,1.9270022970633824
-0.13699278999625247,0.6509495910494392,1.1058304326900963,1,1.0,-1.096401412241983
-0.7234467018796527,1.378700719087929,0.18459765807744444,1,1.0,0.19118966510037438
-0.20052173737943169,-2.529649190198641,1.3842475658559306,1,1.0,-3.7072582283209634
-0.8961018844375301,1.3667634886319913,1.4649785581624788,1,1.0,-5.139000380237304
-0.20764352817555165,-1.3615007219092479,1.8125406918690643,1,1.0,-4.872941436866197
1.4699839575467686,0.5821407294524723,2.570315560585052,0,1.0,2.1386552772057295
-0.6042280642636602,-0.13438812251782017,-0.1809504888852672,1,1.0,-0.3042308151283598
0.422265134082082,1.4876206175307227,1.5592344352036467,0,1.0,3.358253820937684
-0.08127329663399402,-1.5101864494620125,1.798316267411043,1,1.0,-4.085268042039382
1.563080549045623,0.258312169259597,0.02101398850742997,0,1.0,0.4542862863896353
1.0108365384180362,-1.7440763684564116,1.411368527478716,1,1.0,-2.3458480965142923
1.7578951177997697,0.5586042006270644,0.42250718290619016,1,1.0,2.6289474731827154
1.1806597020408542,-0.028830778180461092,1.7466332116595833,0,1.0,0.5110548919027529
-0.013967717353975007,-0.6549008039984621,-0.9903643987144339,0,1.0,-0.24002393429154006
0.8688631760463223,0.5771888324514194,2.465037100628423,0,1.0,0.3397168759965036
-1.6927654516202544,-0.9118765063644685,-1.2306189198276927,1,1.0,1.2497505137042455
0.52372646230234,-0.6252662083000808,-0.22466562160778847,0,1.0,-0.1623511908165165
0.35360365632341295,-0.510082713762036,0.29172902143112434,0,1.0,-0.6563620072209273
0.16930020232609685,1.260454911742107,1.4087954659584563,0,1.0,1.0691825057921287
0.4614524392173825,0.6212343813376722,1.8226310581114475,1,1.0,-2.778132910666186
-1.839822940952278,-1.8923033649890948,0.7653745359452262,1,1.0,-4.291977648959133
0.11322180472932589,-0.660442871583429,1.2463377727146403,0,1.0,-1.8377328597495552
1.6308503758623554,-1.3663569360697874,-1.2237405827323926,0,1.0,2.8449556719933446
-2.2332452568018955,-3.0893668776826093,0.5547864449525927,0,1.0,-3.8605627312443174
0.9655551698045339,1.3453894439595644,0.849053794785102,0,1.0,0.43837161841586036
0.05893198263327365,0.3068168717426767,0.93283876276685,0,1.0,0.5835571337962834
0.2555344734117045,-0.46703319851523195,1.5614610442758985,0,1.0,-1.3548527012869278
0.8292878622677022,-2.160377859513212,2.6576428568577963,0,1.0,-2.536980968930898
0.1511478892654162,-1.3063269755770914,0.9736175260908613,0,1.0,1.5270320752779978
-0.34282484413931863,-0.8476424321854894,-0.40434798800050875,0,1.0,-0.2410179841715968
-0.044493771606052696,-1.9290416198034652,1.8134509034411919,0,1.0,-0.5133647654583684
1.206700418292937,0.5599572499041927,0.2436825211391398,1,1.0,0.5853252801649138
0.6871638765737129,-0.8365251373284386,0.5043357532045472,1,1.0,-0.7160058735462107
0.8778640687279102,-0.6973728973814839,1.5609693120839996,0,1.0,-0.19204280006519447
-1.1826649850274322,-0.23942720103429915,1.5752466818130482,0,1.0,-1.7217611010695637
0.7489001319453279,0.7759883271921975,-0.075490912318123,1,1.0,0.6950866338225047
1.057661253710675,-1.3359117996326124,0.9490030421946722,0,1.0,1.068179443794253
-0.6010670745924651,0.44940629903541773,1.1947041756563135,1,1.0,-3.3056063365187427
0.36742883736668885,-0.2136727028450366,-0.7328731070691861,1,1.0,0.09575598904419369
0.7740823563612615,-0.5588918566889541,0.89712346663915,0,1.0,0.9058397285080206
1.912572540956702,-0.2544453530141324,0.6623914899482999,0,1.0,0.7222560735140606
-1.4934166807719618,0.00859977934547107,1.541179967250055,1,1.0,-4.796499111470475
0.2699560504269518,-2.4989573284804747,2.460866957146343,1,1.0,-6.697880390749781
-0.4733300289516981,-0.07872956877009779,-1.2074439115077993,1,1.0,0.2832251212379049
-1.909852806031726,0.2599223465477166,-0.05837745370503311,0,1.0,-1.5576737364317585
1.4274268179258998,-0.5344311228196783,0.0776810353168158,0,1.0,-0.285433864728472
1.376671133824327,-0.8406345526181062,-0.46056437851211784,1,1.0,1.6749309177699696
-0.8535207750539064,-0.6249875283660872,0.47870330218828244,0,1.0,-1.9721874657744363
1.3201194893600683,0.010918263687826335,1.8663399702317842,1,1.0,-1.7941959751604022
1.780907658571273,-0.048353678865352634,-0.9486364302833037,0,1.0,1.4606086243679308
-0.2585436445206909,-1.6481293409649134,2.19551102144899,1,1.0,-4.749966743032871
1.5885053060584113,-2.166386931573659,1.4126221093780504,0,1.0,2.3325228355938616
-1.0846010396614452,0.04283624762483895,-1.3136960901654364,1,1.0,-0.44703304090582563
-0.43478643196981887,-0.8089582745166937,0.9485192557298935,0,1.0,0.05478038266699703
-0.6812081099523548,-0.2657148566411068,-0.2521727837212162,0,1.0,-2.192592748065917
0.024973593694537527,-0.8850006475842558,2.3045340650442774,0,1.0,-1.2137835884962573
0.3519565992679906,-0.610475885909669,-2.57051220799453,0,1.0,1.7484166797495728
0.08422577139960566,-0.40160596565247214,1.1144399037535204,0,1.0,2.0645059582162197
1.37895169832869,-0.78642551914144,2.2853460291500074,0,1.0,-0.15421073023362664
-0.0088141606761655,-1.7885552425121254,-1.3479135406298683,1,1.0,2.421862245605311
-1.5641838270485708,-1.563721535976857,1.9564564540646017,0,1.0,-5.201811294776386
-0.003604629076254251,-2.171232834706488,0.8321490493938184,1,1.0,-2.1356771987383945
-0.3322855784079431,-0.8853595669792991,0.85076026712126,1,1.0,-1.767462572624771
0.9654046698974734,0.47549145203248044,-0.24662074215956475,1,1.0,1.7748348907971425
2.0669416449678835,-1.586965207317683,1.4903162049626661,1,1.0,-2.247714293578455
1.5316585106370904,-0.6302693487766975,0.02619261445484733,0,1.0,1.034413857195164
-0.30895604981742314,0.26934545776057806,1.7451252776370092,0,1.0,0.1837885342917155
0.1468257280366348,-1.1324796909553596,0.5128716495920134,1,1.0,-2.5653355269968534
-2.483804414277071,-0.7127514446437481,-1.0850825750043183,0,1.0,-2.428321505571008
-0.28104434808531065,-1.1694685558932802,1.560090281627703,1,1.0,-2.9769938125486104
0.6881248920141223,-0.07854585469725711,0.08740855294373528,1,1.0,0.6805657915439378
1.9476809566741917,0.5051667061348313,-0.29804577827687195,0,1.0,2.380424744841069
0.7481449143196499,-1.5738978233972512,2.01543421440928,0,1.0,0.6069097500939418
2.358995441204765,-0.7175794129312882,-0.1661325516065304,0,1.0,2.120024254255707
-0.3060796303703674,-1.8155685581233714,0.53955608450789,0,1.0,-0.878371555441456
1.5467841600923538,-2.0064856077566837,1.2088935071213076,1,1.0,-2.0921326874722315
-0.9437162505981755,0.17572580311373076,2.653958250666601,0,1.0,-1.2467528879163763
-1.37917578996009,-1.4838150108837458,0.1375987020577938,1,1.0,-2.7400738226994887
-2.4162071625304464,-0.03527487763272469,1.1382793562162201,0,1.0,-2.869473189442465
-0.9898857814183344,-0.7031775752058587,1.0025294390272534,0,1.0,-2.349547675378723
1.5441187900951197,-1.0418789538165822,0.9309583698566444,0,1.0,1.1652645453620192
0.9858387085675848,-2.453579248680045,1.3570171820278087,1,1.0,-2.620194081330156
-0.8600128939542289,-1.1183439084805888,1.6120830768228496,0,1.0,-1.3585057730691814
1.4700800681441142,-1.1805961053813279,0.855622005590174,0,1.0,1.9177827254181228
0.514872385559675,-0.9617174986119083,0.517977763548188,0,1.0,-0.6828792744923844
-0.775510058089468,-1.6214648513599497,0.4824514364480159,0,1.0,-0.6992443913556071
-1.6728391885619254,-0.3003374316417249,1.160890183414854,0,1.0,-0.9512196988747172
-1.2468417714998363,-0.5881184554900245,0.3371224717380606,0,1.0,-2.0047316018847408
-0.13288885093314862,-0.49128868307993806,2.3767000783987093,0,1.0,0.02758118035191165
-0.3174641569244722,-2.3638546302256964,1.6526133143060968,0,1.0,-2.2732919932292344
-1.0258412891464168,0.19321166416498536,2.282869758760253,0,1.0,-1.4036227724214245
0.29586327651366884,-1.2631756636497133,0.6531474640393762,1,1.0,-2.828032475325686
1.0801901807161343,-0.929921087246143,2.0580943114917742,1,1.0,-3.181258144101095
1.0622208848898005,-1.849151392574345,-0.6271192684205689,0,1.0,-0.2622943568498545
1.1987237675217681,0.4729691510547456,-0.19182667838832124,1,1.0,2.0545398511827972
-1.113565186681958,-1.7420778072775183,1.8048190325512117,0,1.0,-3.6924289106355133
0.5942643710279787,0.46527578432901495,-0.03906454040051277,1,1.0,1.1319413072416586
-1.8773617333739734,-0.18951623116389554,-0.02352984620280607,1,1.0,-1.2970679199918502
0.16784775672236776,0.43792828560820485,2.681205065027254,1,1.0,-5.245619018746799
1.5412933631540435,0.539442720122824,0.512956540960791,0,1.0,2.912918111272317
-0.21812763313415173,1.6003012007680981,0.3418708628546322,0,1.0,0.6820849104164378
-1.049380383440526,-0.9511038810747566,1.915629203635675,1,1.0,-6.665516590916621
0.2901482359673115,-0.6670010743736053,0.904681085623938,0,1.0,1.46568574314575
1.1244140281824269,-0.5461098132266394,1.767520205648978,0,1.0,1.5126372197418132
-1.8019681443883406,0.2675726077324968,1.9550656123679375,1,1.0,-5.572685258435636
0.38117959204606344,-1.4571459268856728,1.0067437317104477,0,1.0,-2.8471429681891696
-0.08978844467934405,-0.4187461163952943,-1.1745391574769966,0,1.0,0.5179427618328203
0.9225210198200502,-0.4242609393330776,0.34796742413162113,0,1.0,1.4410681303198598
0.4082920482751351,-0.41920141637140174,1.4580692487023124,1,1.0,-2.14349333387423
2.8518958685764875,-0.8660454811039557,0.38154575381207534,1,1.0,1.9981882386802359
1.0333399258963376,-0.05468396625130906,0.13734730149285768,0,1.0,-0.12600797034800237
0.3574186045557907,-2.305995164499933,-0.7119109795661271,0,1.0,-2.2321383245724356
1.341158672659616,-0.6477108626089031,1.7164432223150556,0,1.0,3.5316307302145304
-0.48856174538940617,-0.8714028482245239,1.5005202522856615,1,1.0,-3.0252602318778665
1.039559909934133,-2.5768242012018283,0.41703162491862467,0,1.0,-0.5417665149449793
-1.4252698182395551,-2.503970302529067,0.6122863825575169,0,1.0,-1.8976188526278306
1.252463375830628,-0.9973132274531562,1.1177612050853698,1,1.0,-0.38569895604402293
-1.503766793739152,0.10560008725509151,-0.05845439103112682,0,1.0,-2.1681473481926856
1.2749162793997812,-1.6252582795842758,1.048918223093335,0,1.0,-0.4245659331552142
0.13641755488185248,-1.028644694070159,1.0126581695226866,1,1.0,-2.119945775334594
-0.5820658111815389,0.9824814157812449,2.0102101876928016,0,1.0,0.5005467819253089
-1.5234183733046898,-1.0393687825946076,0.33303298285154365,0,1.0,-3.629774966919391
-0.7062758518018184,-0.972884415254105,1.2338975236021739,0,1.0,-0.5263098390252094
-0.1088734699745108,0.40626020743702806,0.3977342474399841,1,1.0,-0.4315357863587918
-0.31403900973806215,-1.04966462850562,1.1423292534382958,1,1.0,-3.25765677913432
0.6311475827935369,-0.1480038980892769,1.5508408048164863,1,1.0,-1.7043575741227568
0.9224929040896979,-0.6978087981229292,1.310868806402306,0,1.0,-0.04658639830247424
0.7615092879884513,-1.8797672801330536,-0.360503765242397,1,1.0,1.6959559165109925
0.5024553065336126,0.335330414039935,1.729165061221004,0,1.0,-0.36626720792626033
-0.5477800709977059,-1.7020318394589327,1.5503971836603565,0,1.0,-0.9780640995844119
-0.20026301900589333,1.2049708320962895,0.6421162307222807,1,1.0,-0.27301623701273237
0.9695871679183559,-0.7530385219748978,2.8065834609414786,0,1.0,-0.00187849654162775
1.3328036323967793,0.10135252809558071,0.9897395618760848,0,1.0,0.3376448742114786
-0.35448254678752383,-0.9246684739856815,0.3407191808939801,0,1.0,-0.8837698483168505
2.356069376477198,-1.9620622213122765,0.04172477703695643,1,1.0,-0.4888999254713251
-0.16784041244224263,-0.07743202356167589,0.10159134542294757,1,1.0,-0.1023491054054218
0.9901657969305437,-1.1220568936564308,1.0299371952247343,1,1.0,-1.973389489076232
-1.4479675088348263,-0.3859165867285934,-0.6835773898527595,1,1.0,0.37017831369042153
-0.17878598775327165,0.2562558071046168,2.1363770217698406,0,1.0,-0.4839439008587451
0.24856177131842092,0.14521817164133377,0.9072325866928013,1,1.0,-0.31807807835471325
-0.38266279330094105,0.6561984116580628,1.6082305326710473,1,1.0,-4.667328920186925
-0.19333878963713808,-2.148672214026575,-0.30132864063738607,0,1.0,-1.9814295812631433
-0.4604646004196484,-2.4023568880640447,1.334237203498005,1,1.0,-4.265708301771847
0.5198729157832516,1.0845089504174925,1.2924532309096965,1,1.0,-0.46359899248962644
1.6038598573731648,0.5312005197174936,0.059237547843226324,0,1.0,3.861637820937986
1.7500728916371013,-1.8793397059576769,2.3246998449243508,0,1.0,-0.9963974202224134
1.6587229082835497,-2.764092250874642,0.09833872829318979,0,1.0,0.6844607398183926
0.8552707421377321,-0.3673197730600365,0.5903103512137279,0,1.0,-0.5921005481316428
0.9249173659162346,-0.3864838680779231,1.2227103131371195,0,1.0,-0.17996876251777083
-1.1377014889162775,2.016270428670133,0.8080770390819543,1,1.0,-3.2732390869071466
0.4066831010404515,0.01834281654329939,2.3969705408306634,1,1.0,-3.393250776848365
1.1675959007912078,-1.544289475349516,0.4009745088671401,0,1.0,-1.490191975509167
1.0921819386683314,-2.036558413350228,-0.036567190474062095,1,1.0,-0.12725928076802684
0.4817060565414709,-2.010472302272939,1.3867386781281508,0,1.0,-1.2546657232896534
-1.5153625943301643,0.5137904930872403,1.3892793341053546,0,1.0,-1.1557331724008748
0.030952057778299263,-0.2550628774082109,0.7292936416493506,1,1.0,-1.5863409197443383
-1.124493581940049,0.1889856265084784,-0.9353732965406296,0,1.0,-1.7984628768406548
0.2005937638076837,-1.4979725801770452,0.23891758155346188,0,1.0,1.3427755262389947
1.1883220489105335,-1.7711804438130356,-0.4025377665697467,0,1.0,-1.268180529892987
0.6116578439628725,-1.828108553059467,2.037390033083595,1,1.0,-3.2465478629582174
0.5618416029810899,-0.020234133207506888,1.9495102159562194,1,1.0,-2.1064649878655466
1.7242487306103123,-1.2526473466830748,0.5831670850541284,1,1.0,0.12731869675872862
-0.36849791521726344,0.2700010586303879,0.27922182908936855,0,1.0,-0.9666805230885043
-0.4985965520264934,0.7517757007330199,0.7007890370984758,1,1.0,-1.5526816565784798
1.9353995525294685,-0.10564040670551778,1.3501671612529424,1,1.0,-2.2435631861485748
0.8570939199561938,-1.4962526942407215,1.2009679338784773,1,1.0,-3.5910649944250705
-0.9992270671485521,-0.03971837449358456,0.9164268854147498,1,1.0,-3.7659362998476
0.3725408180745685,-1.6287802343903577,0.7156896437528103,1,1.0,-1.437075460357264
-0.7934706831851304,0.036284645872521004,0.5084169954603647,1,1.0,-1.1091101891454915
-0.26726092863625656,-0.25736999249619774,1.1432436605372995,1,1.0,-1.528278008411791
0.057889467972079195,-0.15790944941362212,3.119098597832431,0,1.0,-2.3696746132331077
-0.10001888033390077,-2.247681183854596,0.4902800440691377,0,1.0,-2.002091053925822
0.6917670101512108,-1.0352682521581256,1.0399417565234947,1,1.0,-1.371159562533254
-0.2094648039737959,0.08364111041945599,-0.27321914421325477,0,1.0,1.0122322049926207
-0.2880055672523592,-0.7968126156683194,0.9365504742570694,1,1.0,-1.8976810699858424
-1.0962838687170282,1.3502522160253525,-0.4447662530599772,1,1.0,-0.8309848539044937
0.5094362201537441,-0.1315971115619683,0.05211667310974499,0,1.0,0.7653031377151827
-0.021729391211649823,-1.2269546271286926,-0.24012448852480217,0,1.0,-3.7631329406048426
0.31544526311380117,-0.444071193903878,2.2633560965320605,1,1.0,-4.678326011492192
-0.013075441621328926,-1.4486330991005851,0.6474110313328928,0,1.0,-0.4818745750028517
2.326968438177426,-0.3053533602858389,0.44230657981937815,0,1.0,0.97633666081163
-1.4858253980978984,-1.2280075800635482,-0.4251434178102751,0,1.0,-3.321110663742756
0.4684648439469255,-0.9360473593829628,0.9285265489595443,1,1.0,-2.326954467720758
-1.4182635492941411,-2.0256709123251277,0.634162269876078,1,1.0,-4.904482623423159
-1.1532566307880134,0.4436133980361272,0.7572810997296454,1,1.0,-1.9264866663378302
-0.4867552610844699,0.6497192892573318,2.449248385928888,1,1.0,-5.407035726232317
-1.338578425384175,-0.8704531044671753,0.6068060747712463,0,1.0,-1.6999515553447189
0.009592844097018105,0.2773533585351491,1.6219741664726353,0,1.0,-0.5844295491987779
0.2773968528950245,0.7617968089149079,0.13552719885073117,1,1.0,-0.015425516736134959
1.4210849329485906,-1.4478914242689382,2.1787751922207166,0,1.0,1.5863608490902992
-1.7796255682893505,-0.7277469434649362,0.7498664891931279,1,1.0,-3.470644842648855
2.7610132278149226,-0.05099570997080177,1.8507606082445482,1,1.0,-0.8187624223290776
-2.1194495567886316,-0.5233091471248015,0.756814806733743,1,1.0,-4.343806116399327
-0.1652460769443595,-1.2467840116775237,0.46865840508943063,0,1.0,0.32781252111341974
0.2542924216319681,0.16670029399301478,-0.5054422070763485,0,1.0,0.011567665417312856
-0.8255151293689338,1.677985196235777,-1.0513077506810133,1,1.0,2.4429521216664773
0.23075217605947448,-0.10215174638577584,-0.26081672546209034,1,1.0,0.024029921745848615
2.121031000118457,-1.976861017700203,-0.16782995466012496,0,1.0,0.3550375450827037
-2.6376975427136085,-1.1601723488628346,0.8967692216143818,0,1.0,-3.3420028267163495
-1.4866034598826516,-0.36684726132450013,0.5286319750264918,1,1.0,-1.1008803641490188
-0.988509512234458,-1.5168214925409682,1.0042147635727494,0,1.0,-0.5431680551149332
0.03215955450933519,-0.7841134152386107,-0.6064195400935124,0,1.0,0.15886736133752888
-0.4327171399157576,-1.9022319613333845,0.6804674427005855,0,1.0,-1.2907246839517328
0.9855818758442954,0.528940850826938,-0.13168378501240718,0,1.0,0.8669363158140866
0.4112774786000003,-0.7754803792879698,2.0220568343117478,1,1.0,-4.333373620075636
-0.8467224756486136,-0.11346142830108497,0.0448467148709365,0,1.0,1.2192938518733383
1.1371634499098637,-0.5516502899300706,1.7324344663987943,1,1.0,-1.2706976690536704
1.5565097574222353,0.34677406252449117,-0.35034253832265994,0,1.0,2.366423343639675
-0.00361519464309229,-1.2945426681525056,0.17639312147081787,0,1.0,-1.3040767112437108
0.5990552152546839,1.5812254594460171,-0.7481374397493878,0,1.0,1.3598502155203152
1.0184028268349086,-1.5809276195424797,-0.9882684351132494,1,1.0,1.714135149246717
1.7389480832550308,-0.33309245631897944,1.755188020800507,0,1.0,1.6226004217412369
0.4355147195500592,-0.9211504815735478,1.5505830569907397,0,1.0,-0.0983310826963798
1.0468819757133963,-0.38517903345914917,1.4521237933283393,0,1.0,0.92359993678491
-1.8716450719621742,-1.577713500971566,-0.35640333089107923,0,1.0,-3.759577777994723
1.1964955320904274,-0.8988729544769547,-0.7800002700045501,0,1.0,0.7508341160820029
0.20924902350971183,0.5980902558706895,1.5630599252215043,0,1.0,0.38963607481126594
-1.0928052404667372,-1.3820221682584377,0.4412345566020864,0,1.0,-0.7994208913636115
-0.3924980159422165,0.10614752940282779,-0.23335566759807147,0,1.0,-0.8879049195225344
-0.6686180477241643,-1.030250856069156,0.12687128912773027,0,1.0,-2.786898273694229
-0.11137936182498342,0.20355916614159308,-0.2072987617539861,1,1.0,1.1618039737762418
0.3481468202838055,-0.5586100887288029,1.8272034789576357,1,1.0,-3.82259501033906
-0.9749233557931545,0.3802785928663215,2.556036956019681,0,1.0,0.3883809010249153
-0.32580166313226583,-1.7657958953239425,0.6850462822462959,0,1.0,-0.7081028128829
-1.0495830323087105,-1.4671681604395113,0.3144825057738365,1,1.0,-2.7151675794317596
0.7596137334957758,0.4785570804479258,1.971858752309406,1,1.0,-2.1422848824802005
1.0892238916002042,-0.5918614534707887,0.5187367708370483,1,1.0,-0.45917280453759357
-1.1855785805327448,-4.294686840636901,0.917923392298497,1,1.0,-3.9043458915870035
1.3151109401143264,0.026757177802736454,-0.18378404635050183,0,1.0,1.6906091635434022
-0.8270725527365399,-1.1197245846595052,0.08642404296179995,1,1.0,-1.9120847178006382
-0.5041624400053435,-0.09467266560394871,2.740397655154969,0,1.0,-0.7945464663266466
1.7693076649158808,-0.280042691858781,0.4924183152743613,0,1.0,1.9883465170987336
2.0970135745299805,-0.9515163233409436,1.7100366511755336,1,1.0,-3.3549733696025426
-0.4429486369218771,-0.1191135348940921,1.6997022359724423,1,1.0,-4.862710609534561
0.294129587801379,-0.8891265176797191,1.8645250578795574,0,1.0,-1.1066602045292042
-0.5902596569251384,1.6038597121412717,0.3427394217133879,0,1.0,0.5039807394088716
0.6902247717295331,-2.782210333409611,2.887421874447675,1,1.0,-6.868028172729261
0.21333534115305838,-0.4785975816040553,0.5529559204102855,1,1.0,-2.4376885041997087
1.0929148115994742,0.44874152619311447,1.132820135484525,1,1.0,-3.1766140451633955
-0.7288447330106593,-1.285588273218802,0.8669160418498186,1,1.0,-3.2724004733766736
1.3686552929175289,0.32733281131781733,2.223043405448541,1,1.0,-0.663154712406612
-0.0011741904526529623,1.1303311369863231,-0.8127348820375879,0,1.0,-0.4294832808531933
0.9453194503860538,-0.7761197550575324,2.9555062967264547,1,1.0,-5.514468547329785
-0.5248616219981985,-0.04283994758583448,-0.8616630468476243,1,1.0,0.9443033176785705
0.5131998459555653,-1.30063340216484,0.3191433513451497,1,1.0,-1.1563164506374088
-0.2578332624581243,2.6394292497049454,-1.0570558954905651,0,1.0,1.657189118581182
-1.1620755398847362,1.1781883180709605,0.4754823216223184,1,1.0,-0.252416679469637
0.5901594314182588,-0.11379730683006806,-0.7089318254885402,0,1.0,1.1742090873143982
1.123979574027353,-0.5274770317207587,-0.3216735774867867,1,1.0,1.847550484851324
0.1280038350821217,-0.6634160416789621,-0.0498046979580935,0,1.0,0.5267074230786815
1.6370600361402503,-0.7308321492547522,0.6882920534373973,1,1.0,-0.11756200468146988
-1.6647191457100337,-1.4035564136801408,0.6980321169370793,0,1.0,-2.4286143467078984
-1.2066641598546226,-0.9048757635100955,-0.3242204299639022,0,1.0,-2.385701724034484
1.1384984375309317,0.35119447672283555,1.5126685929341535,0,1.0,1.9564517536683312
-0.9213949739226877,0.33028304399180275,0.4804814700842854,1,1.0,-2.9367013556188777
0.7723704074983351,-0.08483269657337933,2.0211050713575256,1,1.0,-3.0217174284729986
-2.013686709563249,0.6926699451674003,-1.0240285265533977,1,1.0,0.6661067397422824
0.5357245328924265,0.18019489038336167,1.1161734767755165,1,1.0,-1.8284150805107804
-0.38359975754445047,-0.38806027996846304,2.338172868549522,0,1.0,-0.735785150734571
-0.6034987250884358,-1.0296860611461232,0.8036080112253678,0,1.0,-1.5268258361369316
0.7206711796919136,0.57573513299219,-0.534335203547994,0,1.0,-0.1835524215780162
0.35121126161872085,0.8575293803084933,-0.010607703282902281,1,1.0,0.37731992681314924
1.2591002538799332,-2.0116293401530787,2.0825896489821076,1,1.0,-4.422556414775832
-0.18852204843093406,-0.6643582688806493,1.0793417618482848,1,1.0,-3.0942104653678717
-1.3716518847261419,-0.1987222950788538,0.9611326119852619,0,1.0,-0.6282704246882873
-0.27102001846879614,-1.8344014344050215,-0.316411947608233,1,1.0,-1.2444094611867629
1.2703184663721203,0.305060543640469,0.6107736597772646,0,1.0,3.291119866588995
-0.10822454782932195,-1.223513090450855,-0.9007894684516393,1,1.0,2.380754505578903
1.3598628696741153,0.3753719123564526,1.454196399098489,1,1.0,-1.1449376845490735
1.1574409441486457,-2.6078931159376486,1.1874614837843878,1,1.0,-2.5855600104692464
0.6340776019307897,-1.7213265959739508,1.053668042731303,1,1.0,-1.3991617711363977
0.7682371713902663,-0.7046987474831383,2.39491950407575,0,1.0,0.7994183840295843
2.4085990237279336,0.20859156211539198,0.4877758666828647,0,1.0,5.019902567440212
-0.10586177358776089,-0.981088719893245,1.898527926528819,1,1.0,-4.662615128088143
0.4420133750454448,-0.9569858397739107,-0.567583271861225,1,1.0,1.8768884424401577
0.03275386194652999,-0.24143264991472702,0.8407338353460493,1,1.0,-2.8356050831190185
-0.5281192415701432,-1.3718884842752908,0.4099874977074234,0,1.0,-1.572992899295773
-0.8995138142078183,-1.010326315147136,0.04526761537939661,0,1.0,-1.8491845246066254
0.06084845215219767,0.03201415193067836,-1.514728342025877,1,1.0,2.8011112629069026
-0.2057884247509274,-0.3131201498879187,-0.011419952972893,0,1.0,-0.3845384217818819
1.1657526324300023,-0.4819191179434058,1.234156960415636,0,1.0,2.381374862602305
-0.10251360056249931,-0.7661205091646258,2.0697724753847586,0,1.0,-1.8024179021352338
-2.7606029727522916,-0.5966744531017961,2.597814133369355,0,1.0,-4.125405237046847
0.5088354419542243,-0.8207085283857865,1.4190088553181537,0,1.0,-0.6840285404803427
-0.8966910901872898,0.27030080410743207,-0.44500490890576705,0,1.0,-0.47509930810197887
0.055394050247625615,-0.880505222753267,-1.1677934966389034,1,1.0,-0.07530194485097774
-0.569127235677223,-0.6506974033324627,0.9594922567381893,1,1.0,-2.434331805158548
-1.8753314497883518,-0.2557703874770475,2.4646778160885487,1,1.0,-5.308548717030281
1.3456436140103392,-0.12761197756397014,1.2222063414667144,1,1.0,-3.105852148712
-0.2791004348979777,-0.7286901799499239,0.007926891484396847,1,1.0,-2.138226754830473
0.5693889986023226,0.0837173328366776,-0.25868350097094095,0,1.0,0.7960870162354288
0.0683827009373785,-0.5953545361500735,1.280909660043586,1,1.0,-1.0501225194090598
-0.1763157573159979,-0.799363964933119,1.4971152030531774,0,1.0,-0.950816348400771
-1.3319248284328695,0.8727908205474013,0.9204041019710072,0,1.0,-1.3380330660214914
-0.13557109620490643,-0.2544686906654675,1.4725983593901635,1,1.0,-4.505162394649906
-0.3579957091772719,0.3822060063714422,-0.6548761506527159,0,1.0,1.2672955186853292
-0.1662087883005064,0.10756063090028245,1.521109393561956,1,1.0,-3.885348433218771
0.5398867501341473,-0.49363409544152953,0.869528773259244,1,1.0,-0.9959740876500658
1.8616114502341738,0.7319801412413633,0.4807742810514931,0,1.0,3.6039365753793673
-0.6671472986968996,1.0454904025173406,1.2918304894515518,0,1.0,-0.39448301915351736
0.5985475117554812,-1.4066045896543902,0.6204706116728735,0,1.0,-0.5209399895161559
0.2514932839412495,-0.49057616114775554,1.9868361228542664,1,1.0,-3.3359326288021043
1.0063807467448815,-0.8754679784650354,1.8123182323613156,1,1.0,-1.5480804582837722
7.117123807310333E-4,0.7125336063113707,2.900418111390599,0,1.0,1.8823301885726396
1.738078910302317,-0.7402757638462751,-0.3427941121189799,1,1.0,2.122923707802897
-1.0001140491357436,-0.5026969589197748,1.3887852243284748,1,1.0,-4.014805645278667
2.0957887847802916,-1.6964305305889273,-1.0393634282461917,1,1.0,2.1204889100468023
1.0058827954831684,-0.049264365587023684,1.010190149574082,1,1.0,-1.1283177766112598
0.8129333838779755,-1.4906329469629571,0.016429680994541562,1,1.0,1.0957494550625115
0.7712385125663699,-1.5039898657898272,2.1606575832265733,0,1.0,-0.2156307098693067
-0.5495377510527086,-0.27534588149795314,-0.15857754089638076,1,1.0,1.3251273031361142
-0.9692228095237505,-1.2683225959323918,0.7239148893609991,0,1.0,0.19882272007916346
0.36040356913037597,-0.4369892563663159,0.752163347428528,0,1.0,2.3597272351106637
0.11482119327524501,-0.5717001688542269,-0.16754678376967969,1,1.0,-1.2160143865264899
0.8384605631460262,-0.3875680744725004,2.5245989880969297,1,1.0,-3.411936196680682
0.37457621366218763,0.2142849076293969,1.2968757694394704,0,1.0,1.5481288371700321
0.6437285427865596,0.010851805731736497,-0.3268474000536139,1,1.0,0.8235052056554467
0.9034725031585229,-0.2794464369287717,-0.8610670784935441,1,1.0,1.6354324846607855
-0.373526712988872,-0.8374113832077166,-0.11955420335047218,1,1.0,1.4162853323344964
-0.0519179398543107,-1.5463481389091447,-0.14756600124064068,1,1.0,-0.02702056720201551
1.6570805670283746,-0.41650684445679714,2.208360360086798,0,1.0,-1.6690002357919567
-0.015399907946124392,0.6007205087820504,-0.3058186189372867,1,1.0,1.8861943478627055
-0.9714469642220873,0.1431932199387118,1.7554800935629669,1,1.0,-4.010316953269425
-0.23881355955394362,-1.157188831233145,1.3494346470056802,0,1.0,-1.8059212371055515
-1.7926411727402656,0.14711242430214855,0.8850297517132631,0,1.0,-1.440256553903845
0.18172930508349866,-0.8191018372411436,1.0176968563651427,1,1.0,-1.4690721145000039
0.12221447229875107,0.46073044246992856,0.39743842525686823,0,1.0,-0.6109841782024835
0.8067001143696741,1.3220739327528914,-1.785368015369636,0,1.0,1.834830202442541
0.1974992651019996,0.014491879989258605,0.5559922348914039,0,1.0,1.2432299284392507
0.9487577134655327,-0.11219466440793213,-0.14764220568179232,0,1.0,2.2506406582162493
0.49239455174857827,-0.4401199804107558,0.8666539370160097,0,1.0,-0.41602729874672917
0.6427539924126002,0.4613540764655656,2.0496222846712,0,1.0,1.2513596323482934
0.9027841541448276,-0.14403549307216618,1.4794512251733334,0,1.0,0.49650398399078266
-0.467956250412981,-0.013111227359625166,2.1715081795062874,0,1.0,-1.925428410587799
0.14228226749902811,0.6282132906433326,1.0214877662035624,1,1.0,-2.621574240070565
-0.27527274576026795,1.5192054778231499,0.910069297421715,1,1.0,-1.129342941497683
0.39044113584307977,-1.5228964821280124,-0.5440362199965456,0,1.0,1.1907441988398737
1.617722069321364,-1.9208791829322307,3.0717374031006512,0,1.0,0.7668189399028822
-0.6246956984364198,-0.3156414385628477,0.0890643742872903,1,1.0,-0.3895939192817409
-0.58274054125883,-0.8987462976089746,2.4262184305123338,1,1.0,-6.426979643705365
0.22949634030994,-2.5621222452123207,-0.2169575389633569,1,1.0,0.9598985922098859
-0.6219162613678291,0.006193769267051286,0.3238433961672868,1,1.0,-0.6218422767276167
0.9772050996061303,-0.3446325123582791,1.7282828561215775,0,1.0,1.3132898223535407
-2.2348810832769552,0.05099592049071411,2.6354917741664865,0,1.0,-2.444814595483618
0.6086526529486559,-0.07415529290897349,0.46011684929637775,0,1.0,-0.21139400056318813
-1.1513587892525918,-2.27225274684543,-0.04087855820566422,1,1.0,-3.206438634467755
1.5548473253758885,-1.1428728052855557,1.8199697055202706,1,1.0,-1.439969579811503
0.6226324946181561,-1.3634835823282638,-0.6345433827507969,0,1.0,-0.34037237900494727
1.3550505246664484,0.016059386746536286,-0.20283181500196634,0,1.0,0.9216995091571054
0.3578986504320739,0.13750688643506515,0.09117676710664568,1,1.0,1.1711780859135743
-0.6569257315387196,-0.7173657311099187,2.485778818611106,0,1.0,-2.29260049009358
-0.22447452649609956,-0.8175641079474636,0.512668290655711,0,1.0,-1.0783968462711266
-0.6502916510908929,-1.5364612500011616,2.136666525102171,0,1.0,-1.6678966587908934
0.20864418491642298,-0.7169389034465607,1.2356036879253067,0,1.0,-1.0569808906721505
1.0519692277557482,-1.0760284859482545,1.706775456785008,0,1.0,0.5744094678000986
-0.7668251647198383,-0.47009562197355287,1.8071082617338567,1,1.0,-3.5203956605833984
0.5160969232438739,0.11846426526191278,0.952580472214765,0,1.0,-0.029399903815721995
-0.8785043261655885,0.43084470343155823,2.383706100588736,0,1.0,-0.34809691319894315
-1.1117549377897218,0.16378271448909,0.628655863982911,0,1.0,-1.8317478081155725
-0.09689460417282869,-1.28588608840423,0.2982565126159733,0,1.0,-1.6985995979386905
-0.8665834993032007,0.5608838417011346,2.555071301176567,1,1.0,-6.062822317302721
0.4116175165377849,-1.1381325942356035,0.5372639738195175,0,1.0,0.057469189972838036
0.16830056575384597,-1.551468254919225,0.7452129268297101,1,1.0,-2.7241433490622557
-0.1921885834045084,0.6900000996498548,0.5417905186935551,1,1.0,-0.8388351903286159
1.3104760904586747,-1.7094542074388357,0.23170625108907217,1,1.0,0.5028613904621935
-0.7689494935087386,-0.7420080502562497,0.8231414121974057,0,1.0,-0.97763981513154
-0.8509161833058843,0.5238878321376264,1.0439553291827754,0,1.0,-0.8346878177701674
2.3097216574308286,-1.4491444523929826,1.4805308326049367,1,1.0,-1.8819566514679749
-1.6512540341954682,-1.2292951442368678,2.654650101798162,1,1.0,-7.4474803821221265
-1.2002750437772358,-1.0094408673879227,1.542187325841382,1,1.0,-5.559254060131951
0.5774788943857314,-2.0599080519978727,0.4429201154252522,1,1.0,0.4317907765507347
-0.6032815809093557,-0.9730760711177449,1.9731754647487938,1,1.0,-5.283477851693975
0.506797087333391,-1.3412918242544118,0.42890556822041587,0,1.0,-1.0401662546629926
1.1472553926564424,-0.5353945098632829,0.7929838175425541,0,1.0,1.1130207959746292
-1.2020536605292582,-0.07927804142503503,1.0537250712949144,1,1.0,-1.9252517500940989
0.5031614115545482,-1.9262257361078006,0.993786452988526,1,1.0,-2.7447205654912326
0.7360086721565566,-0.6467571058229339,-0.555020898181444,1,1.0,1.8088752054476682
0.1521966647853537,-1.5233103886450516,0.7764226352772692,1,1.0,-3.157577907595336
-1.167403492579198,-0.1834590711363998,0.9108827404042638,0,1.0,0.32955219097588917
0.8069983465778112,-0.6310456309359642,1.8999854810794836,0,1.0,0.8891315878898058
1.466664392289325,-1.880245198335456,1.5847716716643754,1,1.0,-3.9821268793995794
1.5157477321983144,0.7089138668966621,0.7925410126313369,0,1.0,3.2839179394348204
-0.3159723300489316,0.06723965857799341,2.132543587924732,0,1.0,0.7829946795489174
0.5776220862086396,-1.519088452154519,-0.2276762177906848,0,1.0,0.5098689981968181
1.1590383054432916,-0.9364473762232889,1.5459693003818535,1,1.0,-2.620613591882858
1.4659751487570334,-0.4465020953020039,1.2886281409926048,1,1.0,-1.8658972394290196
-1.2157310826769894,-1.1640176942635478,2.467780207638563,0,1.0,-2.8784028013762573
0.1186892334847806,-0.3600453853472498,-1.833029210355985,1,1.0,3.9714903134901176
0.33002225828349674,0.42023350927175696,2.2401638817200613,1,1.0,-2.702161161663403
0.08727457994726952,0.35980566668325376,0.5535652777310097,1,1.0,-2.480399551071539
-0.3249807569143071,0.05887682715837328,0.3448368820440284,1,1.0,-2.5013059865949234
0.549043358370253,-1.3446213859395546,2.0576790031997154,1,1.0,-3.714116717376376
0.9969013591737508,-0.8884948270973893,-1.0678537349286676,1,1.0,2.9038798526346645
-1.724175021014666,-0.6993133455511507,1.6667093891386537,0,1.0,-2.622699847139298
1.1083948069714025,-1.35954808701726,2.567497203443579,1,1.0,-5.4057081902374655
0.8450518588391769,-1.418019635574178,0.706909692314289,1,1.0,-3.5988405947872733
0.5752797174450079,-0.8691505489109992,1.9225480339400751,1,1.0,-4.6875335753618295
0.5452901090933503,0.9204188009689169,1.177974586416476,1,1.0,-3.197950741206996
-0.6071177977458906,-1.032546407797592,1.4029477637111545,0,1.0,0.585935883615214
0.9113855759667355,-2.57014043381167,0.7027551859522156,1,1.0,-2.2595490090499575
1.728622467791859,1.0913047196120642,0.361859680595718,0,1.0,3.25213753339191
2.0490574366923626,-1.5857223459677958,2.067129318120764,1,1.0,-5.380233722169485
1.252212090769459,-0.3354445051160724,-0.16324672440873123,1,1.0,0.4923846819439154
0.8033650735229669,-0.46896289205115604,0.05330052627801496,1,1.0,1.1441022236463367
-0.5837476037619596,-1.2381837464189285,-0.07892282725623989,0,1.0,-1.632399860637675
0.040095869583221366,-2.260256915979097,0.3208474893870119,1,1.0,-2.1311426820080954
-0.38465565357136605,-0.9635263474365843,0.6913218444348002,0,1.0,-1.5725119206648124
-0.7010043751161814,-0.817536528972465,1.7538165883014227,0,1.0,0.3390550804628374
0.22952070999184387,0.5896994574411365,-0.38829259299275254,1,1.0,1.0571286219911749
1.792211206336897,-1.4592206919764594,1.9529377103998338,1,1.0,-0.9886688095415865
-0.3264771727498564,-1.0150901361791465,0.8488240323261673,0,1.0,-2.1609147743846897
-1.6143528450791214,1.6204717232843269,0.07656821712382822,0,1.0,-1.5453029655992467
-1.1126953386130567,-1.8924233711704321,0.4761450579979253,0,1.0,-2.7177940509871465
-0.7774760583035145,0.6773843058269751,1.1888729601743306,0,1.0,0.9593459631720632
-0.7469665304830797,-0.5486826460899193,1.3657182227924487,1,1.0,-3.8499168771188077
-0.74190474602685,-0.24582379734776044,0.6263554062247518,1,1.0,-2.150376213971569
-0.9489500883008253,-1.6057361024941743,1.8307353235729338,0,1.0,-2.3042794097905412
0.2533773772494811,-0.7712132027801286,1.6830764231481217,0,1.0,-0.49126687745678677
-0.196884441415151,-1.8354699892546142,0.8576577568297593,0,1.0,-3.025336574880809
1.7833411513540445,-1.3244799830531258,1.169175269570143,1,1.0,-1.9945463902939295
0.7752980962303309,-1.6787592786168697,0.45630225763622473,0,1.0,-2.266596676681003
0.2580707882063417,-1.2993873647802336,0.26071863163024533,1,1.0,-1.2034583943244372
-0.12921081117445,-0.3580075119287971,-0.27333298720147137,1,1.0,-0.6525607605302501
0.006229795717520137,-0.7273866281844821,-0.9075298291789602,1,1.0,0.12668819958056
0.2209497750866768,-0.6401568841222429,0.632856017390554,1,1.0,-1.2560867184658204
0.1329271731027125,-0.4345853591753742,1.1337049213546617,1,1.0,-2.0154356019811805
-0.39599955806500625,0.5335113283693538,1.1127232687191713,0,1.0,1.7907164257000325
0.4804519590199853,-0.6417361512456491,1.278869567727574,0,1.0,1.0544919251951737
-1.561689063726831,0.12157782196683109,0.7757734484075911,0,1.0,-0.422354449492222
-0.8246628363421387,-3.075076761919235,0.13075188612416233,0,1.0,-3.0686841638349014
0.058628319045049226,-0.4701031702190767,1.3255244373231556,0,1.0,0.5960191731037904
-0.01207910850344801,0.38773966700724893,0.6086111358907254,1,1.0,-0.8324567861662157
0.888799611058068,-1.4743559720789738,2.3152811795307797,1,1.0,-3.755099591215111
-1.7122700672941065,0.29693118222424864,1.6985251097973681,1,1.0,-4.347681962825378
1.3470504736288218,1.728202233939753,0.5290160055512074,1,1.0,1.8891997465734105
-0.8765357957307944,-0.2262884969234228,-0.021428555245088576,1,1.0,-1.1855670567421113
0.12939897117853277,0.44902100376316645,0.748585942120566,1,1.0,-1.8906068479168145
-0.9397159909180275,1.5004856643187665,-0.1540203206714772,0,1.0,0.32883817774900725
0.12044097416105973,-1.390971228988946,0.7633064884839792,1,1.0,-2.413775187657093
-0.3565138343357331,-0.9467577183374931,-0.2017051891445487,0,1.0,-0.9407964797212788
0.15640349941933734,0.21994082693812822,0.8363857919862865,1,1.0,-3.01658936827368
-0.7551095762971709,-0.3646733565568875,0.7377750523345525,0,1.0,0.42781912608597783
-0.7155342226339565,-0.6563822523451719,0.3484356126339202,1,1.0,0.3569407201489445
-1.3187018392113643,-2.617827696777698,1.6326456406316934,0,1.0,-3.2722834433574524
0.24955316036106398,-0.4557855817156299,0.5766599282660363,0,1.0,0.0323346854032942
-0.9417016134195249,-0.11876052837788642,-1.215798156398815,0,1.0,-0.8580802221797458
-0.2159706032449526,-1.6198465422732502,1.7941163089105845,0,1.0,-0.34353703831136284
-0.2928988518465691,0.6215156073798567,0.9558855710808681,1,1.0,-1.23603245554821
-0.9160178877778389,1.2264497072543168,2.55684487177742,1,1.0,-8.00405894957116
0.15888244853117345,1.6223793169934044,0.33752615750702286,1,1.0,0.03074562270027975
0.8803175585214993,-1.5861330188998797,0.9162523640662524,0,1.0,0.5545417392074543
0.2680542870405516,0.06874806528817401,0.7928788531594448,1,1.0,-1.4392113510735955
-0.42304710053025724,0.7094385234400464,-0.536164367230805,1,1.0,1.5117730535302274
-1.3276077009645655,-2.3066473695736343,0.9820897732141998,0,1.0,-0.46008433784709046
1.2666085365588202,-0.3598476769743203,-1.1927385219535598,0,1.0,1.720733349078933
-1.0424129386346748,-2.1481621663019768,0.766812474714515,0,1.0,-1.5713825305071123
-2.5154963895465947,-0.9804212126116503,0.018751479065675536,0,1.0,-3.4119784813026452
-2.112286872890885,0.7274321065325562,1.56506289888806,0,1.0,-2.5531006900021374
1.3029163770964882,0.14729199177522745,0.5870052439463523,0,1.0,-0.3206507382005295
-0.08504532674187659,1.1503392019476444,-0.1057090663651723,0,1.0,1.3511464162387372
1.0077765681552509,1.0404732085879411,2.9261576036108883,0,1.0,2.862798201992768
0.47740917806985045,-2.653471625170039,0.26055271521366963,1,1.0,-1.585433118765646
1.2037537416689186,0.13345317356923314,1.2092070199225489,1,1.0,-0.5490452346926438
-1.4359818703332636,-0.6083304681899051,-0.18914863320731323,1,1.0,-3.4407229013243663
-1.0040283784938326,-0.5540171751973118,1.0150869806347216,1,1.0,-4.283561577753084
-0.55440848799197,-0.7038674290770799,0.9660033780410265,1,1.0,-4.367140030458619
0.35989488909530487,0.13464384573002963,2.6711380907740154,1,1.0,-5.558977251751792
-1.467136567063621,-1.3270892659648323,0.8123356939537054,1,1.0,-4.186490836541407
-0.7767865556497457,-1.6453058431200296,-0.3499196582553443,1,1.0,-1.4507499776659962
1.4551124616362332,0.9722546042996922,-0.11106883788534716,0,1.0,4.080478050140377
-0.23618160943839595,0.11425009081928872,-1.1565674787646163,0,1.0,-1.080911055705413
0.13464314330924412,0.2867334671619268,1.1296257482221574,1,1.0,-1.3868904767784245
0.5587135293339665,0.2424260936876691,-0.5127570812428435,0,1.0,1.753171861496175
-0.2116152166411075,1.1818999627599613,1.060932203497381,0,1.0,1.5862706090461194
0.5613657993347114,0.23311621882290068,-0.32057110955588786,1,1.0,2.6382203452762747
1.1068572133825811,-0.10285539155246709,1.849598198080465,1,1.0,-2.1750694272094386
0.6340432433327845,-0.21232040704302874,-0.6748419816831159,0,1.0,0.5961566577485119
-1.3661023533145262,-1.3413723801343052,1.3621616816527418,1,1.0,-3.138436114205381
1.1273930307608273,0.5724447480839132,0.3487473068373215,0,1.0,1.4676279052885663
-0.16210481267783056,1.6959960952435167,1.1730425545193774,0,1.0,0.0930115502670229
-0.03885896617325579,-0.15746535470434592,0.12872555959639986,0,1.0,0.7805644493089925
-0.3297429185326713,1.0130504887128118,0.6134746522701771,1,1.0,-2.0275407580732168
-0.619731773983351,-0.3029068076200028,0.5459877141900233,1,1.0,-1.8255751431534777
-0.7665922506517178,-0.35074149076333494,1.7023870907994152,1,1.0,-5.043441263381947
-0.6646969333899269,-1.5840990193927589,0.40763810164919523,0,1.0,-1.9801211539801447
-1.0142486173785314,-0.2385040731113266,1.526482270360854,0,1.0,-1.072458903175651
1.5412926266404252,-1.3594164874052173,0.3154983258839894,1,1.0,0.6182597399991145
-0.11671204913307337,-1.5664209439285484,1.8832480610844,0,1.0,1.3958422514606408
-0.6066215612893628,-0.5414197405940478,-0.026968481016083068,1,1.0,-1.4718248142754364
-1.1107147289329489,-0.276732726810603,0.8787332103637496,1,1.0,-2.828803935208284
0.6037139150085644,-0.8856830614358406,-1.189890394272075,0,1.0,2.1605996550472475
-1.2550618691749462,-0.8901982624117522,0.5835373733960537,0,1.0,-1.1854044404637978
2.1186905218839653,-0.9928736810594341,-0.3576115879620052,0,1.0,2.531423657618699
-0.28304658549379685,0.1717190015477108,1.2941841458347088,1,1.0,-4.239238398870917
0.5090465133723696,0.5898400340005578,-1.1639173916297483,1,1.0,4.529405766684475
0.8560466182903053,0.2663674604709819,-0.015880671626344656,1,1.0,1.7834766498509653
0.6900211081800656,-0.6605424271153985,2.754023404311685,1,1.0,-4.102059176947811
0.2388140652460103,-1.3718225655921095,2.4336388532131483,0,1.0,-1.1478799399541368
0.6366617344411241,0.35803272964502875,0.7863354111198926,1,1.0,-1.4671044330087946
-0.396523180039772,-1.1254254367860366,1.2685402523649871,1,1.0,-2.2310228177302722
0.8746792622440334,1.007784513885155,2.6791909217375944,0,1.0,0.8619167979143104
0.32932057114856805,0.6664668554242064,1.34177119341097,1,1.0,-1.9470462992132498
0.7301683392190994,0.5136543500764206,-0.8395462649494314,0,1.0,2.504737734454519
-1.2912140946986026,-0.124759724584865,1.396880843250531,0,1.0,-1.1957766890295973
0.5103213160827842,0.37047302894140766,0.3912389651228822,1,1.0,0.052840161695003385
-2.4740707121165126,0.0049166492631200764,0.6139666277812368,1,1.0,-4.583759744941872
1.9329552854828456,-0.6146758370220238,-0.2477890716235407,0,1.0,2.3663869916154368
1.5018046396183946,0.4603831066744889,-1.1352699965591497,0,1.0,1.2142176929213453
0.8876028713985187,-0.20854903820052773,0.04423280317882916,1,1.0,-0.5770258829083073
1.0811036654206245,0.01379746265604842,0.7872591989144186,0,1.0,0.12424648692694995
0.8530408374996263,-0.11456527578362291,0.3422890701464023,1,1.0,-0.33506110548062457
1.410208670518841,-0.16703354725242242,3.1432190080271747,1,1.0,-3.5252117270326764
-0.026506333859427217,0.14976381892223756,0.8914852238557199,1,1.0,-2.674690803142891
-0.04336621121928019,0.09942202237952236,2.3161832092041794,0,1.0,0.3044070155223405
-0.5161578894403498,0.5811217579640953,-0.31399869400753966,1,1.0,-0.054205539944878645
1.4740616845163428,-0.3139218025744993,1.306028797311606,1,1.0,-0.661599775440781
0.1652127917475793,-0.6857904178120399,0.03329686323823455,0,1.0,-0.4466803609656134
1.225688592025794,-0.6271367293971567,1.3011718972100335,1,1.0,-1.9750361173532038
-1.2044773069917925,0.5232516612265374,0.9608704974089722,0,1.0,-2.235219773291906
1.8259957588052773,1.9402268870535178,0.6121404797310862,1,1.0,1.6906102075134795
-0.20436236027423843,1.1841385912374263,-0.5743789517272189,1,1.0,1.3477079208295792
1.871178754838279,0.3750055786478441,0.14916712623874862,0,1.0,-1.012793944391102
0.11921472043213859,-0.2724767600857962,-1.324206554003733,0,1.0,0.5376363221841288
-1.4070321353457311,-0.034440427841617105,-0.08683832642932254,1,1.0,-0.581083374858792
-0.9987068399702319,-0.15269935251600508,0.1603361062418156,0,1.0,-1.2477129725527574
1.2025654296930883,-0.47263407509722555,0.6186713521021536,1,1.0,-2.108459758191401
1.1483170533665261,-3.022243296240729,1.7395004511783887,0,1.0,-0.17957078649581032
0.14042775710932384,0.5910545663059303,-0.3428369158420119,0,1.0,0.8694762203365395
-1.1143419630836497,-0.6367403733982966,-0.9026574016270024,1,1.0,3.16491147981823
2.4248296623310646,0.09131550700452107,3.0532120461600423,1,1.0,-4.99425516466564
-0.2995905025485216,-0.4394011171491137,1.4822074008617163,1,1.0,-2.3853056268623103
-2.3060796883369226,0.39560384730411247,0.7271390221180346,0,1.0,-1.3616008119918934
-0.13901327838152477,-0.5257649783539362,1.539841928198979,0,1.0,0.7327909794216181
-0.090315131932376,-1.0049242944884522,0.9430584099295936,1,1.0,-2.283881546436427
0.8141277836910787,-1.796595839695743,0.3006902714198973,1,1.0,-0.5734301245501823
-0.9312815376047059,-0.6069709312076161,0.21944334970982582,0,1.0,-1.0161334223590612
0.9121940805725031,-0.030498872398824206,0.9592026108778928,1,1.0,-0.9558308742038037
1.6274837141889296,-0.04634997865415186,0.49396322643074875,1,1.0,0.7070937637362303
0.34548918541315543,-0.8525529103699947,1.5890185315676102,1,1.0,-1.2943570107920488
-0.29668279646409623,-0.48063235948922894,0.19945051835989025,0,1.0,0.09827798953345124
-0.5127149614097632,-0.8887181982062353,-0.08320428553084003,0,1.0,-0.8319497461536829
-0.10923781806591076,-0.31084058263845943,0.2257996068081849,0,1.0,-1.1040079924780983
0.34971729491931436,-1.905043325135676,-1.0965890832713896,1,1.0,1.4370729642748914
1.6209801423896992,-1.4559267257962538,3.2273693709854303,1,1.0,-3.914780069883448
1.1932250412483494,0.008647492204423068,1.5911455703395343,1,1.0,-1.336414084970607
0.5984285859698364,-1.3764148682794803,0.15910161422249836,0,1.0,-0.9947717274772981
-0.16829890973952288,-0.8786202582162332,-0.7132414136716982,0,1.0,0.3153672989160131
-0.3440428099853042,-0.8851646891645395,-0.6257371995709218,1,1.0,-1.8727350820284732
1.8638791947390676,-1.1859048376817176,0.5698792653726353,1,1.0,1.2289737695621843
-0.607327971517069,-1.3572667825032667,0.681032284256734,1,1.0,-3.4993368903665734
-0.4715635383379693,-0.5899662603916576,-0.35195470672960383,0,1.0,-1.345335750518902
0.46558174576279715,-0.8067814563166116,1.3111607898003776,0,1.0,-0.3119071387970755
0.6598361072289602,-1.6071827471855376,-1.78889466071889,0,1.0,0.08343717628824085
1.6805437121768783,-0.9228395469428147,1.6484178680967152,0,1.0,1.0598727837911444
-0.0442044186661579,0.5658907696023621,0.525352738497602,1,1.0,-2.441635177993095
1.265853993602601,-0.25670415583103673,1.5136172359731332,0,1.0,1.211465549157816
-0.4959643266248465,-0.09713428429632764,1.7957961502100914,1,1.0,-4.321621548291941
0.8049025985789835,-1.994154620460567,2.456667340033964,0,1.0,0.8133301064493288
0.05025739816998831,1.0073609299181672,1.5703790925980758,1,1.0,-3.5959719419387373
-1.2583060155996568,-0.39943127966972153,-0.09188438964861556,0,1.0,-1.236284356433789
-0.5873619853243921,-0.22860374036495612,0.10070411313509786,1,1.0,-1.7421607307050693
1.7300199732121995,-0.7426232291086975,-0.862480881531869,0,1.0,0.12208488963626252
-0.9914918187261359,-2.1495139567184816,1.8424666059646424,1,1.0,-7.363337587908349
-0.2948343287144217,-0.12534527792716804,0.31187149566106004,1,1.0,-1.6912859120028907
-0.1302199651430933,-1.3873587133267014,0.8154555204471993,0,1.0,-2.2188711156909995
0.48326611763730687,0.05020699474718271,1.071828864856751,1,1.0,-1.5762823398200632
1.5820636449256968,-1.0704462106541053,0.9120623754152868,0,1.0,1.8117430313226386
1.1340677332893252,-1.9604124393843425,0.4142882899426939,1,1.0,-1.6305668210718354
-0.24634485017481828,1.0389721920284742,-0.29471182406488605,0,1.0,0.5375625167369589
0.2254495501048096,-2.127260472242426,-0.4272230649202118,0,1.0,-1.186438533126289
0.7204731170330363,-1.300548343053495,-0.2486162260450948,1,1.0,2.6015091659314247
1.8449953536321535,0.7035511081724941,1.59983747546124,1,1.0,-1.4895733792832482
0.025543672371236004,-0.9326478300552365,2.4862575480833495,1,1.0,-6.899380730154063
0.5828472787743881,-1.5420297983530986,1.3429774280084383,1,1.0,-3.79369410561095
-0.650740145890369,-0.29345203948331566,0.9075412561152889,0,1.0,-2.2163290395079835
0.7653728608842445,-0.03909803255622596,1.7261453459648295,1,1.0,-1.6490654786618792
-2.387740763483601,-0.7116105160327145,0.5319402185685014,1,1.0,-3.2770769490083222
1.921887869498207,-0.8982648404734301,3.172240138182148,0,1.0,1.8982964749488462
1.5377289312634563,0.07317955331805526,0.020706841192016934,1,1.0,2.181859030330565
-1.014949435422606,-1.155644917355386,2.122558826254706,1,1.0,-5.437939749961373
-0.859622326145566,-0.6186420379394832,-0.6336225258641002,0,1.0,-0.1548600148248549
1.1317933324328506,-0.6504236729899433,-0.48105600859144615,1,1.0,1.4032453084881689
-1.310404560640762,-2.8776838158748776,2.0302005577992244,1,1.0,-9.181837830680063
-1.7198922098350877,-1.3456848249936035,0.0535505585007402,0,1.0,-1.492928414139204
2.4244066872931893,0.6772245061498547,0.4502921986855011,1,1.0,0.7786445055446141
0.2833740641001974,-0.6642360813446697,1.0232789873549464,0,1.0,0.14504782397705462
1.2285466611619522,0.178879003200897,2.4417670688841238,0,1.0,2.2259697940045546
-1.082435354216235,-1.3104439008408386,1.410824356898602,0,1.0,-3.270032153452618
1.0553530604540409,0.6930644045940284,2.052885737030892,1,1.0,-4.472619649596329
0.21654443137119608,-0.3901104192737701,0.8406563770831109,1,1.0,-3.6247006064196454
0.7380683443637222,0.6750556774052705,1.2128124088130692,0,1.0,-0.504428193986723
-0.2541951162004886,0.15540284631541446,0.48662432536103617,0,1.0,-2.47258455754271
1.3203785641407326,0.15346848188035322,1.9682123466034076,0,1.0,1.5616759752202234
-0.9255110558611652,0.39197610983306486,2.0425173540804407,1,1.0,-4.302841878964462
-0.8114036520085246,-0.9326197169172128,0.07621214748555938,0,1.0,-1.5158086944697655
0.055529624322563254,-1.9586940284323764,0.48848751021871406,0,1.0,0.6641994078974086
0.46287493553664283,0.4281874981769336,0.7596215747962987,0,1.0,1.805545144233181
0.8519140673337311,-1.064532498267707,1.1694068182371877,0,1.0,-0.23477168231686663
0.9228714542395107,-0.4508015955406208,0.9462700428866929,0,1.0,0.6995315678595467
-0.8354237075764934,-2.2605079709441416,-0.8111041381544704,0,1.0,-0.6594431030716541
0.8243390391487533,-0.7646894625570979,0.3636281084744186,0,1.0,1.23503676768594
2.1031422658764183,-1.6709958975876287,0.06126697684287219,1,1.0,-0.3290824995013104
0.5335509862009933,-0.8929902894751083,0.9348132184206455,0,1.0,0.34291229101147014
0.30060290974907916,-1.1088995182024401,1.0864730985002085,0,1.0,-0.768909800183222
0.7686365094491496,0.2713698972596347,2.550857249687021,0,1.0,0.5614137331194153
-0.028864130751103112,-1.5159492641791334,-1.493822091337697,1,1.0,2.65691869816063
0.9760236584616555,-0.09587947061672025,0.17756684860979166,0,1.0,0.13343747214279633
0.41764668194042376,-0.45252948092503764,2.3346124504549906,0,1.0,0.1669779335857387
0.5849601324930336,1.0242721807122361,0.9888427342754561,1,1.0,-1.281867387169072
0.6940694604445881,-0.3128490728325542,-0.31662442424985526,0,1.0,1.8671011925940966
1.731257617950338,0.45423152089809193,0.7644367516479638,0,1.0,2.9465396137680187
-0.22893451031292278,-0.8466498446395089,-0.25853311068611107,0,1.0,0.1672425661165977
-0.9204827276887189,0.3697550945107586,0.7988260188989144,0,1.0,0.6271408718115684
0.3201641269860354,0.5774027621801414,0.8690443506331552,1,1.0,-0.16670261694535582
-0.46443690532932885,0.2545943611226231,2.8421698373280346,1,1.0,-6.688882166534136
-2.196074872776528,-0.4946609465489269,0.9281191426974208,1,1.0,-3.21144711881751
2.067604957621741,-1.7549144167362163,0.7668146097260872,1,1.0,-0.7127357955933183
-0.8176439520542371,-0.660925349956189,-0.21489117031818683,1,1.0,-0.5836165268134637
2.3515494011335423,-0.5306814413414539,-0.7050489961044071,0,1.0,1.899500391818854
0.7514265418944017,-1.2190638083161496,1.3456336597907796,1,1.0,-1.4213729325965625
1.1490881574532967,-1.0277777952787912,2.4247083274350185,1,1.0,-4.782490278798887
0.6563852580730782,-0.5310484606163877,1.1294132104249675,1,1.0,-2.2540685355684444
1.1486786784459497,-1.6703691744041653,-0.39212995917113846,0,1.0,-1.166458144385453
1.0446899783431722,-1.1948831587556217,1.6573449320558642,0,1.0,0.6469545101602969
0.33826285612644474,0.035958183129635946,0.7992941126638812,0,1.0,1.221188609315797
1.2863492050162961,-0.9469117145542478,0.4270889818965489,1,1.0,0.4275152691750096
-0.738989132482097,-1.0536256923416727,1.3729156053808995,0,1.0,-0.5491582093192214
0.8024513421913255,-0.8616822853368182,0.27049511373949375,1,1.0,-0.037255809766839704
1.0807263680174375,-0.5962655207009168,-0.09739644595851493,0,1.0,1.0270449624136142
0.9603734156509742,-0.09264456642333802,1.2861042704527663,1,1.0,-0.7248015636029398
0.6073305802293714,0.8074722199280056,1.3725808300436027,1,1.0,-1.144135711976737
1.1333961810413837,-1.4361487495716314,0.9804171051914552,0,1.0,-0.18603153012801565
1.502730299308711,-0.646926446909864,-0.39230857536547514,1,1.0,1.5578903907255541
-0.5843262439326211,-0.17411578116903814,1.370792045894216,0,1.0,-0.46487848738812043
-0.679649509850293,-1.391871961528261,1.6463087413008517,1,1.0,-4.877850320652354
0.11066776267843956,1.6910643610348233,1.9532272944783782,1,1.0,-3.0694462359708736
-0.31149437600500846,-0.5354859071262862,1.3537566991399825,1,1.0,-1.5236976253635226
0.7626646459762274,0.6051165270858305,0.6555596011843613,1,1.0,1.0101432452785937
0.4098861822536999,0.4091031546415872,0.26716792093371,0,1.0,1.4608218113044762
-0.7889038278576295,-1.8600183618167987,-1.1278025878380753,1,1.0,0.5795887063229628
-0.18955619763539183,-3.0143668726113844,-0.6659528294223491,1,1.0,1.4221062048578768
0.9646956733779364,-0.28950576287792407,0.8113161289023744,0,1.0,0.6194653963490524
-0.2705981823042348,-0.8591996991456443,0.4368931035958048,0,1.0,-1.0557599721649633
-0.8064480441311126,0.8992360276357707,0.7931507229720504,1,1.0,-0.1965802460085797
0.7591737511664662,-0.4554167048557333,2.274556580951488,1,1.0,-3.912116149786696
-0.6893980511164703,-2.038666283993904,-0.4235691901073979,0,1.0,0.27359718646686115
-0.29463758398104445,-1.6382144168140735,1.7762105587351464,1,1.0,-2.4503967798715207
-0.010014987107965084,-2.061184421772781,2.1794968922003872,0,1.0,-0.6158221550396723
-0.1729038081408248,-0.22758039076183612,1.1313293717905606,0,1.0,0.576986455429007
1.5632297240499218,-1.3996068895281968,0.5708677197410235,0,1.0,1.988632300877656
-0.6931829202686159,0.11840020163232245,-0.4926238660289397,0,1.0,-1.1303115724807278
-0.932691737123176,-1.799760848779808,0.7695593531874075,0,1.0,-2.706494880577804
-1.34785174381355,-0.6559418910901547,1.8818121521657707,1,1.0,-3.877298068458942
-0.20652792926599078,0.4578555478095073,1.0157607921227412,0,1.0,-0.6567826281258559
0.24475180889573678,-0.3451343711899282,1.9817080865122896,1,1.0,-4.102845693478007
0.02255128357657263,0.2627908271927115,0.11344201197580561,1,1.0,0.8632000971152388
0.544311158298393,-0.8505725955196197,2.599337521475737,0,1.0,0.8999843307044373
0.9440262592658704,-1.5858153064753817,1.370888604339115,1,1.0,-2.6053327687223518
1.1030238605522777,-2.0160336596416357,2.1312076957361636,0,1.0,-2.5267536781692903
0.5394697569759186,-0.55194935153709,2.126440038970193,0,1.0,-0.46672555518806197
0.8549890424945645,-1.077561337331546,0.6926374690509718,1,1.0,-1.3809141577803605
0.10611222509696691,-0.23753276654188876,1.6293236832609432,0,1.0,-0.8523181774212045
-0.07242574827803028,-0.035398547019726334,0.7633917144929188,0,1.0,1.3518970635173166
1.6227277369581075,-0.5148404064402382,1.1968942949929402,0,1.0,1.54966567846466
0.24298782463243662,-1.5141388087439644,2.0538881865442953,1,1.0,-6.444098450317394
-0.5168827856040725,-0.8284042893504301,1.267008639269051,1,1.0,-3.4966696870191423
-0.16260332479807943,-1.548314235205696,1.799140006849627,1,1.0,-5.716370613355386
0.35853434857361854,-0.7720443717325522,1.343098611726706,1,1.0,-2.94641360131723
-0.729711428339668,0.45025455839537964,-0.29590260862814755,0,1.0,1.4386112370051531
1.1227769506014453,1.1064659282622216,0.8590435419908476,0,1.0,0.2891677203018608
0.8055600076660974,0.08619658915813766,-0.14797401576791913,1,1.0,1.585312195763124
1.6499146927475588,-0.6186578893684636,0.9965381282325672,1,1.0,0.245381236941969
1.3111751341698907,-0.11902120867422727,0.08902010108289837,0,1.0,2.0397685252746225
0.8162660433883868,0.24459201168645628,0.0072504459406120825,1,1.0,-0.9643862688650857
-0.015518443125264958,-1.8971571092648496,1.538422667710885,0,1.0,-0.8949828442250911
-1.7648921207927781,-1.0934596782528168,1.0013589797796734,0,1.0,-2.568266945102223
-0.7145794174192912,0.035483456795930346,1.0557236351888781,0,1.0,-1.1559579470601005
0.28098133337289677,2.186855336256557,0.7673036039215235,1,1.0,-0.931529792601658
0.6828618449514408,0.3216135745787051,2.2761332891582873,0,1.0,0.13082469462820712
-0.9820892695795147,-1.1866375028810427,2.705196421043267,0,1.0,-1.9189799035401027
0.2176771222121339,-0.7511657553066124,0.720898367226934,1,1.0,-2.4618651656767128
0.37632267007502285,-0.26100914558298594,0.33674994214784276,1,1.0,-1.2785230747403955
0.4238361349196296,-1.423778010978828,-0.17868230455631462,1,1.0,-0.6720685064766017
1.1678786138146788,-0.7462343701910519,1.7262313160295255,0,1.0,1.2724781004020969
-0.5465778885774015,0.2660327852807558,1.3855196531465306,1,1.0,-2.7090093952154515
-0.8912818748776359,-0.4471275424832788,0.9981442019442117,1,1.0,-2.184151301152346
-0.4878218279473518,0.41494967237197045,-0.16686519820683043,1,1.0,0.0770350278319983
1.1583240479655232,0.022666365242777542,0.28087509598477534,1,1.0,-0.22623472157168945
0.18791439255683084,0.8497345878485274,1.0691307744448801,1,1.0,-1.096403417034772
-1.084619957775838,-2.0145817180815224,-0.5199757848201398,0,1.0,-1.2490985041812879
0.09717127874039863,-0.985512189302314,0.7051947860006302,0,1.0,1.4701205632426961
-0.09955187099762469,-1.258537395002414,0.6953596665082954,1,1.0,-1.250052853473193
2.157492392021792,-0.8925465529577111,2.3517185015725923,1,1.0,-2.339911393169594
-0.38592120798173596,-0.13740266850397748,0.7123400531904287,1,1.0,-1.685413510001649
0.7349195369853325,-0.5661090975148627,0.28948906323906043,0,1.0,0.3347401589845845
0.2125545120892352,0.17693581169472972,1.2023709793864161,0,1.0,2.058271288711793
-0.5213057918405359,-1.4933569697937528,-0.701027169535829,1,1.0,1.3740958848615779
0.672553082964912,0.703696058583634,-1.2644152736368197,1,1.0,2.8016053795138385
-0.4797228302383077,-1.9056438398029476,0.7339667529616425,1,1.0,-1.245428343662175
-1.3631337034329682,-0.9958242030144582,0.670596927190543,0,1.0,-1.9775735996902646
0.5597014648748484,-0.7868032329678414,1.613852609210718,1,1.0,-2.024168466220064
1.87029798852127,-0.3414558236751134,1.3955919221338595,0,1.0,-1.083961866210384
-1.479959405132223,-1.1877632756145577,0.47510431708684747,1,1.0,-2.1509519234110295
-0.6689897565627583,0.35520195994946235,0.8032294873400194,0,1.0,-0.8840968682729935
-0.227504956912553,-1.9423986469924708,0.746714095113054,0,1.0,-3.2905709397769067
-0.4280705677784436,-0.031179248422167682,2.458922788382244,1,1.0,-3.8670644711780584
0.3066876679518772,1.6992183014753044,-0.7648270775601078,1,1.0,2.5151488786084175
-0.08414139542552296,-1.5719941150874401,0.8690922355184592,0,1.0,-1.0781267249986766
-0.5891209595003482,-0.6691076967832508,2.90327283212147,0,1.0,-0.2155706344276448
1.1338145095585586,-1.4836330776243845,-0.2638659457656898,1,1.0,3.701611648787888
-1.0094090419722597,-0.6566677368012139,-1.5857693159873503,0,1.0,-0.9885296236622406
1.4712275712864906,-0.5563133885134077,3.2519578220063083,1,1.0,-3.6062829509523184
0.882048935165251,-1.2369188147372512,-0.013174485344912945,1,1.0,-0.24524858960326534
0.12370142903008458,-3.026975735719511,0.04989798947854018,0,1.0,-1.0532065811794362
-0.29048762596932526,-0.34731821057280454,0.7700960849107858,1,1.0,-2.5638926277094187
0.22737760775207966,0.5041314205897736,1.7495090351738793,0,1.0,0.380972697104877
-0.5183105038073894,-0.9258438774888466,1.236436724895684,1,1.0,-2.1974502973342767
1.2853759644726688,1.1163355429928896,0.8442381757162747,1,1.0,-0.023863687359122726
2.049878791617781,-0.22295450125287636,-0.006836909620193898,1,1.0,2.0134731824515444
0.7464663926608197,-0.11844569029851909,1.5924130753839187,0,1.0,-0.46041368540392047
0.414434204121115,-0.2858439990991209,0.18829910223966506,0,1.0,-0.08740427410732388
-0.8695133459405624,-0.3754457637232766,1.391725840428491,1,1.0,-6.290772485358788
-0.01096673478353924,-2.020503539277623,-0.6699636045078929,0,1.0,-0.6685546280904318
0.04487148212819084,0.18284866972523972,0.5915380997183067,1,1.0,-0.8633164467609783
0.17827610523458623,0.90893740340967,1.099927329215825,1,1.0,-1.186607979984099
0.5786790611887673,0.8536900604404039,1.4664902362568264,0,1.0,2.371742471535169
0.1730018016234787,-1.6655002063229638,1.1724992915466304,0,1.0,-0.5069951004844062
0.2740956213214715,-0.08899955925401315,1.5704221295012375,0,1.0,-0.006912943816923145
0.22053499710205857,-1.1665078299321818,0.5733626046842399,1,1.0,-2.1402843101626683
1.241583516319644,-1.7377841500371138,1.1350742105431528,0,1.0,1.4295451419383491
-1.634927088316539,-0.9073655349182009,1.469133784395698,1,1.0,-6.298349665595489
0.6178563799559633,-0.980371318473271,-1.0142429705717302,0,1.0,-0.03962613293125303
0.12445771026487674,0.08562728417083965,1.355770473876108,0,1.0,-0.25363477390362654
0.6339813419538873,-0.8117909543334978,0.9641982431048424,1,1.0,-1.834446295093627
0.6982699104690236,0.3735618392596811,0.43560927734006366,0,1.0,1.8486377292140808
0.8396452774941059,-3.189836002927967,0.42581516114782303,0,1.0,-1.7704813245801745
0.23905944335703733,0.5742765917201489,-0.8664519056235094,0,1.0,-0.47607952130566766
0.48146933401994924,0.09143807634009726,0.4363975631398383,1,1.0,0.5151261995989456
-0.15375479950006038,-2.0863725363283545,-1.3232602676420868,0,1.0,-1.51748855874288
1.6749787194345045,-0.8246294787180323,1.4821141584701385,1,1.0,-0.7263866230845848
2.3041534100374452,-0.4031628182675081,1.044270787489795,1,1.0,1.4711604211822973
-0.32315685686538714,0.3229552901297683,0.7267752440960595,0,1.0,-0.7407974201556378
-1.3429103891921974,0.17899507912792678,0.9141019682725195,1,1.0,-4.362762451130684
0.3405059839276623,-1.2307057347695594,0.38418907788737033,1,1.0,-1.6797497607010032
-0.4935585616660885,0.6177703934313308,0.5683941800441912,0,1.0,1.0379292372850015
-0.4887674322158441,0.49369697769954535,0.4780596808923083,1,1.0,-1.1554293423039002
0.2712557355512479,-0.36542492365792967,1.5221900889621223,0,1.0,0.2275254751132119
1.3383885093778831,-0.751110310202713,1.261337104795857,1,1.0,-0.9015019556030243
-0.34840291371739435,-0.04993126677616361,-0.27975403237457397,0,1.0,-0.6632371224774116
1.4229390623765452,-1.1084008389301716,0.6904930558986588,1,1.0,-0.2899643414759673
2.337387122006558,-0.9962637261958595,0.16675638061171083,1,1.0,1.6691192773636372
1.3863442308588212,-0.34541898972710994,0.9864019083843242,0,1.0,0.6838732539484669
1.232789312482037,-1.5025518941844218,1.154211686771664,0,1.0,-2.3558195053780464
0.7963244868074189,-0.952477315295915,2.1546665145418924,1,1.0,-3.239035736325708
-0.8541877746938611,1.1260237425299713,0.5618831579958977,0,1.0,-2.060364643317455
0.4156039000115209,-0.6005089205644173,0.3142373190347032,1,1.0,-0.022897496175501353
1.5906186153959991,0.09014819099790627,1.633571593183439,1,1.0,0.12218479872229726
0.06648094065252694,-0.3311636508925144,1.4847907597958407,1,1.0,-3.196518886666883
2.03442950160139,0.33882297864747646,0.26948911880575566,0,1.0,3.5173866321995853
0.6868961336756583,2.699141714541327,-0.7466817727723349,0,1.0,0.6248673956291206
-0.5851888205292903,-1.4088135356147817,0.8626591049119078,0,1.0,-2.174893499484143
-0.4047113223480934,-0.25293906816018513,-0.8790807007585637,0,1.0,1.5616348320351663
1.8982287015969734,0.11221635595427792,0.23936645566821957,0,1.0,1.3939535484022234
1.1905799998711744,-1.349246593883509,-1.7293181885729652,1,1.0,3.923329869766537
-0.573891393127617,-3.6459878809171804,0.5368585027063506,0,1.0,-3.0546833350871903
-1.1883764976672304,-2.095361328318168,-0.49018275532892064,0,1.0,-2.755634971571711
